planner,budget,mean_runtime_s,mean_energy_j,mean_duration_s,attempts
distance_ga,150,10.489164639886035,16824.054105710296,93.11922208322332,9
distance_ga,300,13.039621375219818,16753.245341348236,92.73486766176066,9
distance_ga,600,19.04885814532948,16679.339381843085,92.33240107191472,9
distance_ga,1200,31.247637583443268,16456.690700797004,91.09322323728827,9
proxy_ga,150,9.958269048554131,16756.547274527406,92.7532284125357,9
proxy_ga,300,13.138891179439574,16602.926904990414,91.90721010216805,9
proxy_ga,600,18.181328375773674,16378.205035209085,90.6940588917589,9
proxy_ga,1200,28.738274722219405,16102.990036805642,89.16456235972956,9
time_ga,150,10.084769899441097,16756.547274527406,92.7532284125357,9
time_ga,300,12.653337495551872,16602.926904990414,91.90721010216805,9
time_ga,600,18.917589920884186,16388.377414016446,90.74357670566872,9
time_ga,1200,28.87906690788562,16105.586233389931,89.15886970860474,9
energy_ga,150,10.153881087440823,16756.547274527406,92.7532284125357,9
energy_ga,300,12.813576065551993,16602.822233839175,91.90765270972148,9
energy_ga,600,18.095538754662105,16384.846975055803,90.73556332433262,9
energy_ga,1200,28.10959050833076,16119.650703855434,89.26022821217715,9
rrt_star,250,0.2877890119998483,16983.319170424198,94.00600197632427,1
rrt_star,500,0.62885358499625,16829.738289346238,93.05836694042043,1
rrt_star,1000,1.0979814986688627,16433.12774877187,90.8370663975817,3
rrt_star,2000,2.457396017666421,15891.312867531691,87.87801041672606,3
rrt_star,4000,5.273784687664981,15887.747048744683,87.75468651833911,3
