planner,route,seed,duration_s,energy_j,retained_stops
astar,PolyTech_t0_r0,0,109.4213227497974,19739.449080412334,9
astar,PolyTech_t0_r0,1,109.4213227497974,19739.449080412334,9
astar,PolyTech_t0_r0,2,109.4213227497974,19739.449080412334,9
astar,PolyTech_t0_r0,3,109.4213227497974,19739.449080412334,9
astar,PolyTech_t0_r0,4,109.4213227497974,19739.449080412334,9
astar,PolyTech_t0_r1,0,93.27956862045684,16841.713797959244,8
astar,PolyTech_t0_r1,1,93.27956862045684,16841.713797959244,8
astar,PolyTech_t0_r1,2,93.27956862045684,16841.713797959244,8
astar,PolyTech_t0_r1,3,93.27956862045684,16841.713797959244,8
astar,PolyTech_t0_r1,4,93.27956862045684,16841.713797959244,8
astar,PolyTech_t0_r2,0,62.94206983559082,11354.638265085454,2
astar,PolyTech_t0_r2,1,62.94206983559082,11354.638265085454,2
astar,PolyTech_t0_r2,2,62.94206983559082,11354.638265085454,2
astar,PolyTech_t0_r2,3,62.94206983559082,11354.638265085454,2
astar,PolyTech_t0_r2,4,62.94206983559082,11354.638265085454,2
astar,ArtSci_t0_r0,0,82.42633742304764,14894.028064316666,5
astar,ArtSci_t0_r0,1,82.42633742304764,14894.028064316666,5
astar,ArtSci_t0_r0,2,82.42633742304764,14894.028064316666,5
astar,ArtSci_t0_r0,3,82.42633742304764,14894.028064316666,5
astar,ArtSci_t0_r0,4,82.42633742304764,14894.028064316666,5
astar,ArtSci_t0_r1,0,132.9358978556134,23988.751095846856,12
astar,ArtSci_t0_r1,1,132.9358978556134,23988.751095846856,12
astar,ArtSci_t0_r1,2,132.9358978556134,23988.751095846856,12
astar,ArtSci_t0_r1,3,132.9358978556134,23988.751095846856,12
astar,ArtSci_t0_r1,4,132.9358978556134,23988.751095846856,12
astar,ArtSci_t0_r2,0,73.18402631999341,13239.058743410491,5
astar,ArtSci_t0_r2,1,73.18402631999341,13239.058743410491,5
astar,ArtSci_t0_r2,2,73.18402631999341,13239.058743410491,5
astar,ArtSci_t0_r2,3,73.18402631999341,13239.058743410491,5
astar,ArtSci_t0_r2,4,73.18402631999341,13239.058743410491,5
astar,ArtSci_t1_r0,0,89.71635116214688,16243.531603118678,7
astar,ArtSci_t1_r0,1,89.71635116214688,16243.531603118678,7
astar,ArtSci_t1_r0,2,89.71635116214688,16243.531603118678,7
astar,ArtSci_t1_r0,3,89.71635116214688,16243.531603118678,7
astar,ArtSci_t1_r0,4,89.71635116214688,16243.531603118678,7
astar,ArtSci_t1_r1,0,91.95582771694868,16608.87595084562,5
astar,ArtSci_t1_r1,1,91.95582771694868,16608.87595084562,5
astar,ArtSci_t1_r1,2,91.95582771694868,16608.87595084562,5
astar,ArtSci_t1_r1,3,91.95582771694868,16608.87595084562,5
astar,ArtSci_t1_r1,4,91.95582771694868,16608.87595084562,5
astar,ArtSci_t1_r2,0,85.29629635153046,15383.527419921142,4
astar,ArtSci_t1_r2,1,85.29629635153046,15383.527419921142,4
astar,ArtSci_t1_r2,2,85.29629635153046,15383.527419921142,4
astar,ArtSci_t1_r2,3,85.29629635153046,15383.527419921142,4
astar,ArtSci_t1_r2,4,85.29629635153046,15383.527419921142,4
rrt_star,PolyTech_t0_r2,0,64.68195821994277,11664.53849322373,2
rrt_star,PolyTech_t0_r2,1,65.62030220604281,11838.272589814982,2
rrt_star,PolyTech_t0_r2,2,75.26492510744232,13561.738349009836,3
rrt_star,PolyTech_t0_r2,3,65.19209610104149,11763.323111027245,2
rrt_star,PolyTech_t0_r2,4,71.63714548964167,12903.74248183818,2
rrt_star,ArtSci_t1_r0,0,93.05836694042043,16829.738289346238,6
distance_ga,PolyTech_t0_r0,0,107.6984623956588,19429.236486767262,9
distance_ga,PolyTech_t0_r0,1,108.25373663881031,19530.245708475537,9
distance_ga,PolyTech_t0_r0,2,106.09195015197206,19141.01312977617,8
distance_ga,PolyTech_t0_r0,3,107.25055809840254,19341.90380207037,8
distance_ga,PolyTech_t0_r0,4,108.37045270273053,19539.2778498502,8
distance_ga,PolyTech_t0_r1,0,92.42915444851525,16692.138247135794,8
distance_ga,PolyTech_t0_r1,1,90.09938345826396,16263.119417026883,7
distance_ga,PolyTech_t0_r1,2,93.07472103474397,16802.89380313563,8
distance_ga,PolyTech_t0_r1,3,93.27956862045684,16841.713797959244,8
distance_ga,PolyTech_t0_r1,4,93.14736585732689,16817.290459940516,8
distance_ga,PolyTech_t0_r2,0,62.36006682285458,11248.962405707038,2
distance_ga,PolyTech_t0_r2,1,62.868190737533524,11342.23769889105,2
distance_ga,PolyTech_t0_r2,2,62.11767641193691,11205.982055325469,2
distance_ga,PolyTech_t0_r2,3,62.441961616033616,11264.52488952388,2
distance_ga,PolyTech_t0_r2,4,62.279753666927704,11234.246534784015,2
distance_ga,ArtSci_t0_r0,0,82.13838596784674,14842.42397094746,5
distance_ga,ArtSci_t0_r0,1,82.23560916961179,14861.480451427724,5
distance_ga,ArtSci_t0_r0,2,81.77759264847754,14780.098585997632,5
distance_ga,ArtSci_t0_r0,3,82.35546499535761,14881.353762881823,5
distance_ga,ArtSci_t0_r0,4,81.99617788894238,14818.144703681603,5
distance_ga,ArtSci_t0_r1,0,130.61166189565367,23558.21912521703,11
distance_ga,ArtSci_t0_r1,1,132.85669721962836,23970.55655221145,12
distance_ga,ArtSci_t0_r1,2,129.94685961183043,23448.77016519973,11
distance_ga,ArtSci_t0_r1,3,131.9112896821366,23803.41252487518,12
distance_ga,ArtSci_t0_r1,4,132.06226268435043,23833.767301082047,12
distance_ga,ArtSci_t0_r2,0,72.81596398384882,13172.617931477846,5
distance_ga,ArtSci_t0_r2,1,73.02810977355901,13212.70544445993,5
distance_ga,ArtSci_t0_r2,2,72.43378723716144,13105.329066383609,5
distance_ga,ArtSci_t0_r2,3,72.65789590894029,13145.698251642805,5
distance_ga,ArtSci_t0_r2,4,72.7421366054099,13158.863593294962,5
distance_ga,ArtSci_t1_r0,0,88.10622883376804,15930.707624721004,6
distance_ga,ArtSci_t1_r0,1,88.81755632338367,16058.702479571639,6
distance_ga,ArtSci_t1_r0,2,90.84346442920565,16425.994855623238,7
distance_ga,ArtSci_t1_r0,3,89.23491167646584,16130.288811642835,6
distance_ga,ArtSci_t1_r0,4,87.44890220245946,15820.084887321178,6
distance_ga,ArtSci_t1_r1,0,91.56550967027914,16541.76365773618,5
distance_ga,ArtSci_t1_r1,1,87.74465687970485,15856.692047454575,4
distance_ga,ArtSci_t1_r1,2,91.73707700933173,16570.54360404209,5
distance_ga,ArtSci_t1_r1,3,87.73255118545734,15837.10646828885,3
distance_ga,ArtSci_t1_r1,4,89.60890969134937,16198.975760784335,5
distance_ga,ArtSci_t1_r2,0,82.25116330433751,14851.116961880103,4
distance_ga,ArtSci_t1_r2,1,82.16861433302346,14838.582655563916,4
distance_ga,ArtSci_t1_r2,2,82.35694181301433,14870.697495331726,4
distance_ga,ArtSci_t1_r2,3,82.22745449585226,14847.818629672236,4
distance_ga,ArtSci_t1_r2,4,81.69746712014674,14754.733860536016,4
proxy_ga,PolyTech_t0_r0,0,108.25625803193532,19524.859223212414,8
proxy_ga,PolyTech_t0_r0,1,105.96789671499928,19113.887961777793,8
proxy_ga,PolyTech_t0_r0,2,103.73326473774318,18730.15435974929,8
proxy_ga,PolyTech_t0_r0,3,107.20442692998742,19331.881570216014,8
proxy_ga,PolyTech_t0_r0,4,106.25693141803018,19179.114564590644,8
proxy_ga,PolyTech_t0_r1,0,88.36145326161821,15957.984516729883,6
proxy_ga,PolyTech_t0_r1,1,91.36857701840597,16489.464791378145,7
proxy_ga,PolyTech_t0_r1,2,91.64302920790037,16537.83754858467,7
proxy_ga,PolyTech_t0_r1,3,91.61587005852616,16562.369817309438,8
proxy_ga,PolyTech_t0_r1,4,92.64681878214039,16728.952212252072,8
proxy_ga,PolyTech_t0_r2,0,62.36006682285458,11248.962405707038,2
proxy_ga,PolyTech_t0_r2,1,62.868190737533524,11342.23769889105,2
proxy_ga,PolyTech_t0_r2,2,62.11767641193691,11205.982055325469,2
proxy_ga,PolyTech_t0_r2,3,62.441961616033616,11264.52488952388,2
proxy_ga,PolyTech_t0_r2,4,62.502675989460286,11275.52917652492,2
proxy_ga,ArtSci_t0_r0,0,81.83928782509577,14792.025612416113,5
proxy_ga,ArtSci_t0_r0,1,82.03817657746329,14828.953320106873,5
proxy_ga,ArtSci_t0_r0,2,81.83804108000533,14792.140180664708,5
proxy_ga,ArtSci_t0_r0,3,81.74777948938241,14753.820858300996,4
proxy_ga,ArtSci_t0_r0,4,82.1498935468096,14844.835141967607,5
proxy_ga,ArtSci_t0_r1,0,130.03463402562036,23429.034169101396,9
proxy_ga,ArtSci_t0_r1,1,132.85669721962836,23970.55655221145,12
proxy_ga,ArtSci_t0_r1,2,127.84175948748685,23043.5353761753,10
proxy_ga,ArtSci_t0_r1,3,129.56059820482284,23342.264955026927,9
proxy_ga,ArtSci_t0_r1,4,132.00340985820782,23796.31664913846,10
proxy_ga,ArtSci_t0_r2,0,72.81596398384882,13172.617931477846,5
proxy_ga,ArtSci_t0_r2,1,72.51888382852154,13122.983564119733,5
proxy_ga,ArtSci_t0_r2,2,72.46194025864482,13106.61171840084,5
proxy_ga,ArtSci_t0_r2,3,72.6998569592,13151.217025316319,5
proxy_ga,ArtSci_t0_r2,4,72.87303020745648,13183.009736725684,5
proxy_ga,ArtSci_t1_r0,0,86.09285655830864,15565.184191171491,4
proxy_ga,ArtSci_t1_r0,1,86.53277565487411,15644.642199138336,5
proxy_ga,ArtSci_t1_r0,2,87.70354804848769,15873.999840247721,6
proxy_ga,ArtSci_t1_r0,3,87.49903012541317,15814.453639452004,5
proxy_ga,ArtSci_t1_r0,4,87.38984963521608,15812.259744362285,6
proxy_ga,ArtSci_t1_r1,0,89.5232916277887,16177.43186745714,4
proxy_ga,ArtSci_t1_r1,1,88.21744595830967,15924.773953245607,3
proxy_ga,ArtSci_t1_r1,2,88.17459586576328,15917.063602822875,3
proxy_ga,ArtSci_t1_r1,3,89.21031944144684,16139.108006384507,5
proxy_ga,ArtSci_t1_r1,4,87.67195691168124,15843.313807398818,4
proxy_ga,ArtSci_t1_r2,0,82.13355362395208,14832.970618015592,4
proxy_ga,ArtSci_t1_r2,1,81.49774904979158,14702.70913103559,3
proxy_ga,ArtSci_t1_r2,2,81.92872971261035,14792.287284996124,4
proxy_ga,ArtSci_t1_r2,3,82.22745449585226,14847.818629672236,4
proxy_ga,ArtSci_t1_r2,4,81.26654016662118,14679.249654201643,4
time_ga,PolyTech_t0_r0,0,108.25625803193532,19524.859223212414,8
time_ga,PolyTech_t0_r0,1,105.96789671499928,19113.887961777793,8
time_ga,PolyTech_t0_r0,2,103.73326473774318,18730.15435974929,8
time_ga,PolyTech_t0_r0,3,107.20442692998742,19331.881570216014,8
time_ga,PolyTech_t0_r0,4,106.25693141803018,19179.114564590644,8
time_ga,PolyTech_t0_r1,0,88.36145326161821,15957.984516729883,6
time_ga,PolyTech_t0_r1,1,91.36857701840597,16489.464791378145,7
time_ga,PolyTech_t0_r1,2,91.64302920790037,16537.83754858467,7
time_ga,PolyTech_t0_r1,3,91.61587005852616,16562.369817309438,8
time_ga,PolyTech_t0_r1,4,92.64681878214039,16728.952212252072,8
time_ga,PolyTech_t0_r2,0,62.36006682285458,11248.962405707038,2
time_ga,PolyTech_t0_r2,1,62.868190737533524,11342.23769889105,2
time_ga,PolyTech_t0_r2,2,62.11767641193691,11205.982055325469,2
time_ga,PolyTech_t0_r2,3,62.441961616033616,11264.52488952388,2
time_ga,PolyTech_t0_r2,4,62.502675989460286,11275.52917652492,2
time_ga,ArtSci_t0_r0,0,81.83928782509577,14792.025612416113,5
time_ga,ArtSci_t0_r0,1,82.03817657746329,14828.953320106873,5
time_ga,ArtSci_t0_r0,2,81.58796742677556,14749.042934343626,5
time_ga,ArtSci_t0_r0,3,81.74777948938241,14753.820858300996,4
time_ga,ArtSci_t0_r0,4,82.1498935468096,14844.835141967607,5
time_ga,ArtSci_t0_r1,0,130.03463402562036,23429.034169101396,9
time_ga,ArtSci_t0_r1,1,132.85669721962836,23970.55655221145,12
time_ga,ArtSci_t0_r1,2,127.84175948748685,23043.5353761753,10
time_ga,ArtSci_t0_r1,3,129.56059820482284,23342.264955026927,9
time_ga,ArtSci_t0_r1,4,132.00340985820782,23796.31664913846,10
time_ga,ArtSci_t0_r2,0,72.81596398384882,13172.617931477846,5
time_ga,ArtSci_t0_r2,1,72.51888382852154,13122.983564119733,5
time_ga,ArtSci_t0_r2,2,72.46194025864482,13106.61171840084,5
time_ga,ArtSci_t0_r2,3,72.6998569592,13151.217025316319,5
time_ga,ArtSci_t0_r2,4,72.87303020745648,13183.009736725684,5
time_ga,ArtSci_t1_r0,0,86.09285655830864,15565.184191171491,4
time_ga,ArtSci_t1_r0,1,86.53277565487411,15644.642199138336,5
time_ga,ArtSci_t1_r0,2,87.70354804848769,15873.999840247721,6
time_ga,ArtSci_t1_r0,3,89.17188651583068,16121.589783216185,6
time_ga,ArtSci_t1_r0,4,87.38984963521608,15812.259744362285,6
time_ga,ArtSci_t1_r1,0,89.5232916277887,16177.43186745714,4
time_ga,ArtSci_t1_r1,1,88.21744595830967,15924.773953245607,3
time_ga,ArtSci_t1_r1,2,88.17459586576328,15917.063602822875,3
time_ga,ArtSci_t1_r1,3,89.21031944144684,16139.108006384507,5
time_ga,ArtSci_t1_r1,4,87.67195691168124,15843.313807398818,4
time_ga,ArtSci_t1_r2,0,82.13355362395208,14832.970618015592,4
time_ga,ArtSci_t1_r2,1,81.49774904979158,14702.70913103559,3
time_ga,ArtSci_t1_r2,2,81.92872971261035,14792.287284996124,4
time_ga,ArtSci_t1_r2,3,82.22745449585226,14847.818629672236,4
time_ga,ArtSci_t1_r2,4,81.26654016662118,14679.249654201643,4
energy_ga,PolyTech_t0_r0,0,108.25625803193532,19524.859223212414,8
energy_ga,PolyTech_t0_r0,1,105.96789671499928,19113.887961777793,8
energy_ga,PolyTech_t0_r0,2,103.73326473774318,18730.15435974929,8
energy_ga,PolyTech_t0_r0,3,107.20442692998742,19331.881570216014,8
energy_ga,PolyTech_t0_r0,4,106.25693141803018,19179.114564590644,8
energy_ga,PolyTech_t0_r1,0,88.36145326161821,15957.984516729883,6
energy_ga,PolyTech_t0_r1,1,91.36857701840597,16489.464791378145,7
energy_ga,PolyTech_t0_r1,2,91.64302920790037,16537.83754858467,7
energy_ga,PolyTech_t0_r1,3,91.61587005852616,16562.369817309438,8
energy_ga,PolyTech_t0_r1,4,92.64681878214039,16728.952212252072,8
energy_ga,PolyTech_t0_r2,0,62.36006682285458,11248.962405707038,2
energy_ga,PolyTech_t0_r2,1,62.868190737533524,11342.23769889105,2
energy_ga,PolyTech_t0_r2,2,62.11767641193691,11205.982055325469,2
energy_ga,PolyTech_t0_r2,3,62.441961616033616,11264.52488952388,2
energy_ga,PolyTech_t0_r2,4,62.502675989460286,11275.52917652492,2
energy_ga,ArtSci_t0_r0,0,81.83928782509577,14792.025612416113,5
energy_ga,ArtSci_t0_r0,1,82.16285147366669,14849.064359203992,5
energy_ga,ArtSci_t0_r0,2,81.83804108000533,14792.140180664708,5
energy_ga,ArtSci_t0_r0,3,81.74777948938241,14753.820858300996,4
energy_ga,ArtSci_t0_r0,4,82.28872989850404,14871.004226431,5
energy_ga,ArtSci_t0_r1,0,130.03463402562036,23429.034169101396,9
energy_ga,ArtSci_t0_r1,1,132.85669721962836,23970.55655221145,12
energy_ga,ArtSci_t0_r1,2,127.84175948748685,23043.5353761753,10
energy_ga,ArtSci_t0_r1,3,129.56059820482284,23342.264955026927,9
energy_ga,ArtSci_t0_r1,4,132.00340985820782,23796.31664913846,10
energy_ga,ArtSci_t0_r2,0,72.81596398384882,13172.617931477846,5
energy_ga,ArtSci_t0_r2,1,72.51888382852154,13122.983564119733,5
energy_ga,ArtSci_t0_r2,2,72.46194025864482,13106.61171840084,5
energy_ga,ArtSci_t0_r2,3,72.6998569592,13151.217025316319,5
energy_ga,ArtSci_t0_r2,4,72.87303020745648,13183.009736725684,5
energy_ga,ArtSci_t1_r0,0,86.09285655830864,15565.184191171491,4
energy_ga,ArtSci_t1_r0,1,86.53277565487411,15644.642199138336,5
energy_ga,ArtSci_t1_r0,2,87.70354804848769,15873.999840247721,6
energy_ga,ArtSci_t1_r0,3,87.49903012541317,15814.453639452004,5
energy_ga,ArtSci_t1_r0,4,87.38984963521608,15812.259744362285,6
energy_ga,ArtSci_t1_r1,0,89.5232916277887,16177.43186745714,4
energy_ga,ArtSci_t1_r1,1,88.21744595830967,15924.773953245607,3
energy_ga,ArtSci_t1_r1,2,88.17459586576328,15917.063602822875,3
energy_ga,ArtSci_t1_r1,3,89.21031944144684,16139.108006384507,5
energy_ga,ArtSci_t1_r1,4,87.67195691168124,15843.313807398818,4
energy_ga,ArtSci_t1_r2,0,82.13355362395208,14832.970618015592,4
energy_ga,ArtSci_t1_r2,1,81.49774904979158,14702.70913103559,3
energy_ga,ArtSci_t1_r2,2,81.92872971261035,14792.287284996124,4
energy_ga,ArtSci_t1_r2,3,82.22745449585226,14847.818629672236,4
energy_ga,ArtSci_t1_r2,4,81.26654016662118,14679.249654201643,4
