route_set,comparison,scenes,mean_percent,ci_low,ci_high,routes,permutation_p,holm_p
development,energy_ga_vs_astar_model_electrical_energy_j,procedural,0.2995611405369025,0.0,0.6295961850552071,9,0.24839751602483975,1.0
development,energy_ga_vs_distance_ga_model_electrical_energy_j,procedural,0.11987847309880204,0.0,0.2459695814583469,9,0.24839751602483975,1.0
development,energy_ga_vs_time_ga_model_electrical_energy_j,procedural,0.042040118313065755,0.0,0.12612035493919727,9,1.0,1.0
development,proxy_ga_vs_astar_model_electrical_energy_j,procedural,0.2995611405369025,0.0,0.6295961850552071,9,0.24839751602483975,1.0
development,proxy_ga_vs_astar_equivalent_hover_time_s,procedural,0.3057017102139128,0.0,0.6402826388747553,9,0.24839751602483975,1.0
development,proxy_ga_vs_distance_ga_equivalent_hover_time_s,procedural,0.1259097568913791,0.0,0.25813302529289034,9,0.24839751602483975,1.0
development,proxy_ga_vs_time_ga_equivalent_hover_time_s,procedural,0.043152064215176006,0.0,0.12945619264552802,9,1.0,1.0
development,time_ga_vs_astar_flight_duration_s,procedural,0.2699106880917282,0.0,0.572179614609345,9,0.24839751602483975,1.0
development,time_ga_vs_proxy_ga_flight_duration_s,procedural,-0.0369302118076847,-0.11079063542305409,0.0,9,1.0,1.0
development,energy_ga_vs_astar_model_electrical_energy_j,urbanscene3d,2.2072246574649776,1.3958512880869551,2.9895455822902957,9,0.003809961900380996,0.03428965710342896
development,energy_ga_vs_distance_ga_model_electrical_energy_j,urbanscene3d,0.8080940327099564,0.39170823076095174,1.2638737761573726,9,0.007909920900790991,0.039549604503954956
development,energy_ga_vs_time_ga_model_electrical_energy_j,urbanscene3d,0.029762398563374322,-0.040277124705012796,0.12956432039513577,9,1.0,1.0
development,proxy_ga_vs_astar_model_electrical_energy_j,urbanscene3d,2.214129755171202,1.4110710520931542,2.9912318802948463,9,0.003809961900380996,0.03428965710342896
development,proxy_ga_vs_astar_equivalent_hover_time_s,urbanscene3d,2.253737710632576,1.4313164604565447,3.048410654152922,9,0.003809961900380996,0.03428965710342896
development,proxy_ga_vs_distance_ga_equivalent_hover_time_s,urbanscene3d,0.8394723145764094,0.41738435679241354,1.3019635271522654,9,0.007909920900790991,0.039549604503954956
development,proxy_ga_vs_time_ga_equivalent_hover_time_s,urbanscene3d,0.037481915516157184,-0.019897531102955127,0.1323432776514267,9,1.0,1.0
development,time_ga_vs_astar_flight_duration_s,urbanscene3d,2.173489270646798,1.383758704832229,2.9585234122011554,9,0.003809961900380996,0.03428965710342896
development,time_ga_vs_proxy_ga_flight_duration_s,urbanscene3d,-0.035924536986408996,-0.1281240022018536,0.020350391242626605,9,1.0,1.0
heldout,energy_ga_vs_astar_model_electrical_energy_j,procedural,1.1676181108350556,0.5912286533541329,2.027791564306685,6,0.03025969740302597,0.2723372766272337
heldout,energy_ga_vs_distance_ga_model_electrical_energy_j,procedural,0.43358751710318,0.0014175426272889369,1.124995389089732,6,0.1864381356186438,0.932190678093219
heldout,energy_ga_vs_time_ga_model_electrical_energy_j,procedural,-0.04047791300448783,-0.08793595537159242,0.0,6,0.5007649923500765,1.0
heldout,proxy_ga_vs_astar_model_electrical_energy_j,procedural,1.1675310277524595,0.5909674041063447,2.027791564306685,6,0.03025969740302597,0.2723372766272337
heldout,proxy_ga_vs_astar_equivalent_hover_time_s,procedural,1.1875309257160234,0.604929653302715,2.06197642706248,6,0.03025969740302597,0.2723372766272337
heldout,proxy_ga_vs_distance_ga_equivalent_hover_time_s,procedural,0.45167258974617974,0.009390732016508347,1.160275041264307,6,0.1864381356186438,0.932190678093219
heldout,proxy_ga_vs_time_ga_equivalent_hover_time_s,procedural,-0.040709695934128466,-0.08774171311269764,0.0,6,0.5007649923500765,1.0
heldout,time_ga_vs_astar_flight_duration_s,procedural,1.240233540670662,0.6960360106707895,2.081671432425106,6,0.03025969740302597,0.2723372766272337
heldout,time_ga_vs_proxy_ga_flight_duration_s,procedural,0.04191774381919353,0.0,0.09018747090671331,6,0.5007649923500765,1.0
heldout,energy_ga_vs_astar_model_electrical_energy_j,urbanscene3d,3.213398390582919,1.6685437446598854,4.833900008715784,6,0.03025969740302597,0.2723372766272337
heldout,energy_ga_vs_distance_ga_model_electrical_energy_j,urbanscene3d,1.5252705147564558,0.3803545301693909,2.7948535936871246,6,0.06160938390616094,0.3080469195308047
heldout,energy_ga_vs_time_ga_model_electrical_energy_j,urbanscene3d,0.0,0.0,0.0,6,1.0,1.0
heldout,proxy_ga_vs_astar_model_electrical_energy_j,urbanscene3d,3.237744228688356,1.6685437446598856,4.85824584682122,6,0.03025969740302597,0.2723372766272337
heldout,proxy_ga_vs_astar_equivalent_hover_time_s,urbanscene3d,3.291503749502341,1.6875484907949534,4.9492797095769,6,0.03025969740302597,0.2723372766272337
heldout,proxy_ga_vs_distance_ga_equivalent_hover_time_s,urbanscene3d,1.5898279317313644,0.39127620240509664,2.895099995194741,6,0.06160938390616094,0.3080469195308047
heldout,proxy_ga_vs_time_ga_equivalent_hover_time_s,urbanscene3d,0.026638940197238604,0.0,0.07991682059171581,6,1.0,1.0
heldout,time_ga_vs_astar_flight_duration_s,urbanscene3d,3.222656153019907,1.6904740264404043,4.857139342531638,6,0.03025969740302597,0.2723372766272337
heldout,time_ga_vs_proxy_ga_flight_duration_s,urbanscene3d,-0.02701757607855372,-0.08105272823566116,0.0,6,1.0,1.0
