route_set,scene,route,planner,seed,success,reason,length_m,duration_s,proxy_s,energy_j,retained_stops,runtime_s
development,PolyTech_t0,PolyTech_t0_r0,astar,0,True,passed_translational_and_energy_checks,238.788679427136,109.4213227497974,109.97523383652708,19739.449080412334,9,5.276708944998973
development,PolyTech_t0,PolyTech_t0_r0,rrt_star,0,False,no_geometric_path,,,,,,0.19153512499906356
development,PolyTech_t0,PolyTech_t0_r0,distance_ga,0,True,passed_translational_and_energy_checks,236.46553359625142,107.6984623956588,108.23062856971931,19429.236486767262,9,12.211433862001286
development,PolyTech_t0,PolyTech_t0_r0,proxy_ga,0,True,passed_translational_and_energy_checks,240.02219297565978,108.25625803193532,108.75086549636912,19524.859223212414,8,12.1698440379987
development,PolyTech_t0,PolyTech_t0_r0,time_ga,0,True,passed_translational_and_energy_checks,240.02219297565978,108.25625803193532,108.75086549636912,19524.859223212414,8,12.976405080000404
development,PolyTech_t0,PolyTech_t0_r0,energy_ga,0,True,passed_translational_and_energy_checks,240.02219297565978,108.25625803193532,108.75086549636912,19524.859223212414,8,12.230459245998645
development,PolyTech_t0,PolyTech_t0_r0,astar,1,True,passed_translational_and_energy_checks,238.788679427136,109.4213227497974,109.97523383652708,19739.449080412334,9,5.276708944998973
development,PolyTech_t0,PolyTech_t0_r0,rrt_star,1,False,no_geometric_path,,,,,,0.3292288450029446
development,PolyTech_t0,PolyTech_t0_r0,distance_ga,1,True,passed_translational_and_energy_checks,237.18186066632228,108.25373663881031,108.79634667209159,19530.245708475537,9,12.213545009995869
development,PolyTech_t0,PolyTech_t0_r0,proxy_ga,1,True,passed_translational_and_energy_checks,237.0567435358424,105.96789671499928,106.44959654741946,19113.887961777793,8,12.04553270899487
development,PolyTech_t0,PolyTech_t0_r0,time_ga,1,True,passed_translational_and_energy_checks,237.0567435358424,105.96789671499928,106.44959654741946,19113.887961777793,8,11.87674023899308
development,PolyTech_t0,PolyTech_t0_r0,energy_ga,1,True,passed_translational_and_energy_checks,237.0567435358424,105.96789671499928,106.44959654741946,19113.887961777793,8,12.095346220005013
development,PolyTech_t0,PolyTech_t0_r0,astar,2,True,passed_translational_and_energy_checks,238.788679427136,109.4213227497974,109.97523383652708,19739.449080412334,9,5.276708944998973
development,PolyTech_t0,PolyTech_t0_r0,rrt_star,2,False,no_geometric_path,,,,,,0.3526513410033658
development,PolyTech_t0,PolyTech_t0_r0,distance_ga,2,True,passed_translational_and_energy_checks,237.33473695693522,106.09195015197206,106.60400443348449,19141.01312977617,8,11.633918464998715
development,PolyTech_t0,PolyTech_t0_r0,proxy_ga,2,True,passed_translational_and_energy_checks,238.258044687666,103.73326473774318,104.27759955615164,18730.15435974929,8,10.854716850000841
development,PolyTech_t0,PolyTech_t0_r0,time_ga,2,True,passed_translational_and_energy_checks,238.258044687666,103.73326473774318,104.27759955615164,18730.15435974929,8,11.339435224996123
development,PolyTech_t0,PolyTech_t0_r0,energy_ga,2,True,passed_translational_and_energy_checks,238.258044687666,103.73326473774318,104.27759955615164,18730.15435974929,8,10.99488682000083
development,PolyTech_t0,PolyTech_t0_r0,astar,3,True,passed_translational_and_energy_checks,238.788679427136,109.4213227497974,109.97523383652708,19739.449080412334,9,5.276708944998973
development,PolyTech_t0,PolyTech_t0_r0,rrt_star,3,False,no_geometric_path,,,,,,0.17852879800193477
development,PolyTech_t0,PolyTech_t0_r0,distance_ga,3,True,passed_translational_and_energy_checks,237.66322231572892,107.25055809840254,107.7271410705846,19341.90380207037,8,11.303164323995588
development,PolyTech_t0,PolyTech_t0_r0,proxy_ga,3,True,passed_translational_and_energy_checks,237.86374581096962,107.20442692998742,107.66895838918091,19331.881570216014,8,11.704738084998098
development,PolyTech_t0,PolyTech_t0_r0,time_ga,3,True,passed_translational_and_energy_checks,237.86374581096962,107.20442692998742,107.66895838918091,19331.881570216014,8,11.549465146003058
development,PolyTech_t0,PolyTech_t0_r0,energy_ga,3,True,passed_translational_and_energy_checks,237.86374581096962,107.20442692998742,107.66895838918091,19331.881570216014,8,11.64823690999765
development,PolyTech_t0,PolyTech_t0_r0,astar,4,True,passed_translational_and_energy_checks,238.788679427136,109.4213227497974,109.97523383652708,19739.449080412334,9,5.276708944998973
development,PolyTech_t0,PolyTech_t0_r0,rrt_star,4,False,no_geometric_path,,,,,,0.16159397899900796
development,PolyTech_t0,PolyTech_t0_r0,distance_ga,4,True,passed_translational_and_energy_checks,238.46661852832256,108.37045270273053,108.84552389489056,19539.2778498502,8,10.665495524997823
development,PolyTech_t0,PolyTech_t0_r0,proxy_ga,4,True,passed_translational_and_energy_checks,241.68951109144433,106.25693141803018,106.8090664948452,19179.114564590644,8,10.67536011699849
development,PolyTech_t0,PolyTech_t0_r0,time_ga,4,True,passed_translational_and_energy_checks,241.68951109144433,106.25693141803018,106.8090664948452,19179.114564590644,8,10.578326378999918
development,PolyTech_t0,PolyTech_t0_r0,energy_ga,4,True,passed_translational_and_energy_checks,241.68951109144433,106.25693141803018,106.8090664948452,19179.114564590644,8,10.811369167997327
development,PolyTech_t0,PolyTech_t0_r1,astar,0,True,passed_translational_and_energy_checks,211.908736858606,93.27956862045684,93.76522103104712,16841.713797959244,8,3.368658656007028
development,PolyTech_t0,PolyTech_t0_r1,rrt_star,0,False,no_geometric_path,,,,,,0.17475634800211992
development,PolyTech_t0,PolyTech_t0_r1,distance_ga,0,True,passed_translational_and_energy_checks,210.75500674086697,92.42915444851525,92.92955935351458,16692.138247135794,8,9.896851542012882
development,PolyTech_t0,PolyTech_t0_r1,proxy_ga,0,True,passed_translational_and_energy_checks,211.81067804847504,88.36145326161821,88.75715518176976,15957.984516729883,6,9.155095972004347
development,PolyTech_t0,PolyTech_t0_r1,time_ga,0,True,passed_translational_and_energy_checks,211.81067804847504,88.36145326161821,88.75715518176976,15957.984516729883,6,9.29420776500774
development,PolyTech_t0,PolyTech_t0_r1,energy_ga,0,True,passed_translational_and_energy_checks,211.81067804847504,88.36145326161821,88.75715518176976,15957.984516729883,6,9.61869115200534
development,PolyTech_t0,PolyTech_t0_r1,astar,1,True,passed_translational_and_energy_checks,211.908736858606,93.27956862045684,93.76522103104712,16841.713797959244,8,3.368658656007028
development,PolyTech_t0,PolyTech_t0_r1,rrt_star,1,False,no_geometric_path,,,,,,0.1499581690004561
development,PolyTech_t0,PolyTech_t0_r1,distance_ga,1,True,passed_translational_and_energy_checks,209.7656262434141,90.09938345826396,90.50111741520294,16263.119417026883,7,9.16014268201252
development,PolyTech_t0,PolyTech_t0_r1,proxy_ga,1,True,passed_translational_and_energy_checks,211.50492027220824,91.36857701840597,91.76798537300056,16489.464791378145,7,9.185777574013628
development,PolyTech_t0,PolyTech_t0_r1,time_ga,1,True,passed_translational_and_energy_checks,211.50492027220824,91.36857701840597,91.76798537300056,16489.464791378145,7,9.283890245009388
development,PolyTech_t0,PolyTech_t0_r1,energy_ga,1,True,passed_translational_and_energy_checks,211.50492027220824,91.36857701840597,91.76798537300056,16489.464791378145,7,8.873573746001057
development,PolyTech_t0,PolyTech_t0_r1,astar,2,True,passed_translational_and_energy_checks,211.908736858606,93.27956862045684,93.76522103104712,16841.713797959244,8,3.368658656007028
development,PolyTech_t0,PolyTech_t0_r1,rrt_star,2,False,no_geometric_path,,,,,,0.1922096700000111
development,PolyTech_t0,PolyTech_t0_r1,distance_ga,2,True,passed_translational_and_energy_checks,210.64014356960433,93.07472103474397,93.55216994422288,16802.89380313563,8,9.689924311009236
development,PolyTech_t0,PolyTech_t0_r1,proxy_ga,2,True,passed_translational_and_energy_checks,211.4660338497517,91.64302920790037,92.0392550005025,16537.83754858467,7,9.450785148008435
development,PolyTech_t0,PolyTech_t0_r1,time_ga,2,True,passed_translational_and_energy_checks,211.4660338497517,91.64302920790037,92.0392550005025,16537.83754858467,7,9.339681513010873
development,PolyTech_t0,PolyTech_t0_r1,energy_ga,2,True,passed_translational_and_energy_checks,211.4660338497517,91.64302920790037,92.0392550005025,16537.83754858467,7,9.616848429002857
development,PolyTech_t0,PolyTech_t0_r1,astar,3,True,passed_translational_and_energy_checks,211.908736858606,93.27956862045684,93.76522103104712,16841.713797959244,8,3.368658656007028
development,PolyTech_t0,PolyTech_t0_r1,rrt_star,3,False,no_geometric_path,,,,,,0.16112763499404537
development,PolyTech_t0,PolyTech_t0_r1,distance_ga,3,True,passed_translational_and_energy_checks,211.908736858606,93.27956862045684,93.76522103104712,16841.713797959244,8,9.128131900011795
development,PolyTech_t0,PolyTech_t0_r1,proxy_ga,3,True,passed_translational_and_energy_checks,213.90951818835072,91.61587005852616,92.16823715207838,16562.369817309438,8,9.542156846007856
development,PolyTech_t0,PolyTech_t0_r1,time_ga,3,True,passed_translational_and_energy_checks,213.90951818835072,91.61587005852616,92.16823715207838,16562.369817309438,8,9.504550763005682
development,PolyTech_t0,PolyTech_t0_r1,energy_ga,3,True,passed_translational_and_energy_checks,213.90951818835072,91.61587005852616,92.16823715207838,16562.369817309438,8,9.327845268009696
development,PolyTech_t0,PolyTech_t0_r1,astar,4,True,passed_translational_and_energy_checks,211.908736858606,93.27956862045684,93.76522103104712,16841.713797959244,8,3.368658656007028
development,PolyTech_t0,PolyTech_t0_r1,rrt_star,4,False,no_geometric_path,,,,,,0.15033149599912576
development,PolyTech_t0,PolyTech_t0_r1,distance_ga,4,True,passed_translational_and_energy_checks,211.71875502664,93.14736585732689,93.62665869952914,16817.290459940516,8,9.332398562008166
development,PolyTech_t0,PolyTech_t0_r1,proxy_ga,4,True,passed_translational_and_energy_checks,211.28179491752292,92.64681878214039,93.12923835280428,16728.952212252072,8,9.39042318200518
development,PolyTech_t0,PolyTech_t0_r1,time_ga,4,True,passed_translational_and_energy_checks,211.28179491752292,92.64681878214039,93.12923835280428,16728.952212252072,8,9.312262516010378
development,PolyTech_t0,PolyTech_t0_r1,energy_ga,4,True,passed_translational_and_energy_checks,211.28179491752292,92.64681878214039,93.12923835280428,16728.952212252072,8,9.188640432003012
development,PolyTech_t0,PolyTech_t0_r2,astar,0,True,passed_translational_and_energy_checks,161.12211342838188,62.94206983559082,63.06777948031088,11354.638265085454,2,1.574269220000133
development,PolyTech_t0,PolyTech_t0_r2,rrt_star,0,True,passed_translational_and_energy_checks,164.9297175274875,64.68195821994277,64.80111417929857,11664.53849322373,2,0.2283824980040663
development,PolyTech_t0,PolyTech_t0_r2,distance_ga,0,True,passed_translational_and_energy_checks,159.92774412232268,62.36006682285458,62.47576492845788,11248.962405707038,2,3.4975662010037922
development,PolyTech_t0,PolyTech_t0_r2,proxy_ga,0,True,passed_translational_and_energy_checks,159.92774412232268,62.36006682285458,62.47576492845788,11248.962405707038,2,3.6134958699985873
development,PolyTech_t0,PolyTech_t0_r2,time_ga,0,True,passed_translational_and_energy_checks,159.92774412232268,62.36006682285458,62.47576492845788,11248.962405707038,2,3.8798679289975553
development,PolyTech_t0,PolyTech_t0_r2,energy_ga,0,True,passed_translational_and_energy_checks,159.92774412232268,62.36006682285458,62.47576492845788,11248.962405707038,2,3.702615421003429
development,PolyTech_t0,PolyTech_t0_r2,astar,1,True,passed_translational_and_energy_checks,161.12211342838188,62.94206983559082,63.06777948031088,11354.638265085454,2,1.574269220000133
development,PolyTech_t0,PolyTech_t0_r2,rrt_star,1,True,passed_translational_and_energy_checks,168.34603054345047,65.62030220604281,65.75840324466351,11838.272589814982,2,0.22133700999984285
development,PolyTech_t0,PolyTech_t0_r2,distance_ga,1,True,passed_translational_and_energy_checks,160.89334675448137,62.868190737533524,63.003623011335,11342.23769889105,2,3.6484642079958576
development,PolyTech_t0,PolyTech_t0_r2,proxy_ga,1,True,passed_translational_and_energy_checks,160.89334675448137,62.868190737533524,63.003623011335,11342.23769889105,2,3.5487079529993935
development,PolyTech_t0,PolyTech_t0_r2,time_ga,1,True,passed_translational_and_energy_checks,160.89334675448137,62.868190737533524,63.003623011335,11342.23769889105,2,3.7551089050029987
development,PolyTech_t0,PolyTech_t0_r2,energy_ga,1,True,passed_translational_and_energy_checks,160.89334675448137,62.868190737533524,63.003623011335,11342.23769889105,2,3.534173305000877
development,PolyTech_t0,PolyTech_t0_r2,astar,2,True,passed_translational_and_energy_checks,161.12211342838188,62.94206983559082,63.06777948031088,11354.638265085454,2,1.574269220000133
development,PolyTech_t0,PolyTech_t0_r2,rrt_star,2,True,passed_translational_and_energy_checks,171.07017213456186,75.26492510744232,75.47371995962791,13561.738349009836,3,0.2498049030036782
development,PolyTech_t0,PolyTech_t0_r2,distance_ga,2,True,passed_translational_and_energy_checks,158.9895643898125,62.11767641193691,62.241652425228175,11205.982055325469,2,3.477394171000924
development,PolyTech_t0,PolyTech_t0_r2,proxy_ga,2,True,passed_translational_and_energy_checks,158.9895643898125,62.11767641193691,62.241652425228175,11205.982055325469,2,3.454397251000046
development,PolyTech_t0,PolyTech_t0_r2,time_ga,2,True,passed_translational_and_energy_checks,158.9895643898125,62.11767641193691,62.241652425228175,11205.982055325469,2,3.511088119004853
development,PolyTech_t0,PolyTech_t0_r2,energy_ga,2,True,passed_translational_and_energy_checks,158.9895643898125,62.11767641193691,62.241652425228175,11205.982055325469,2,3.2747842190001393
development,PolyTech_t0,PolyTech_t0_r2,astar,3,True,passed_translational_and_energy_checks,161.12211342838188,62.94206983559082,63.06777948031088,11354.638265085454,2,1.574269220000133
development,PolyTech_t0,PolyTech_t0_r2,rrt_star,3,True,passed_translational_and_energy_checks,167.78661088944793,65.19209610104149,65.34240548670016,11763.323111027245,2,0.34921564500109525
development,PolyTech_t0,PolyTech_t0_r2,distance_ga,3,True,passed_translational_and_energy_checks,159.80169568697673,62.441961616033616,62.5675624450742,11264.52488952388,2,3.4989344899950083
development,PolyTech_t0,PolyTech_t0_r2,proxy_ga,3,True,passed_translational_and_energy_checks,159.80169568697673,62.441961616033616,62.5675624450742,11264.52488952388,2,3.548383424000349
development,PolyTech_t0,PolyTech_t0_r2,time_ga,3,True,passed_translational_and_energy_checks,159.80169568697673,62.441961616033616,62.5675624450742,11264.52488952388,2,3.6050813180045225
development,PolyTech_t0,PolyTech_t0_r2,energy_ga,3,True,passed_translational_and_energy_checks,159.80169568697673,62.441961616033616,62.5675624450742,11264.52488952388,2,3.4497261680007796
development,PolyTech_t0,PolyTech_t0_r2,astar,4,True,passed_translational_and_energy_checks,161.12211342838188,62.94206983559082,63.06777948031088,11354.638265085454,2,1.574269220000133
development,PolyTech_t0,PolyTech_t0_r2,rrt_star,4,True,passed_translational_and_energy_checks,176.3042010644802,71.63714548964167,71.71453429550134,12903.74248183818,2,0.28964208599791164
development,PolyTech_t0,PolyTech_t0_r2,distance_ga,4,True,passed_translational_and_energy_checks,159.32757674835605,62.279753666927704,62.40032096977637,11234.246534784015,2,3.2783862479991512
development,PolyTech_t0,PolyTech_t0_r2,proxy_ga,4,True,passed_translational_and_energy_checks,159.9561474210438,62.502675989460286,62.628806009580636,11275.52917652492,2,3.362517574998492
development,PolyTech_t0,PolyTech_t0_r2,time_ga,4,True,passed_translational_and_energy_checks,159.9561474210438,62.502675989460286,62.628806009580636,11275.52917652492,2,3.2740136859938502
development,PolyTech_t0,PolyTech_t0_r2,energy_ga,4,True,passed_translational_and_energy_checks,159.9561474210438,62.502675989460286,62.628806009580636,11275.52917652492,2,3.377937111996289
development,ArtSci_t0,ArtSci_t0_r0,astar,0,True,passed_translational_and_energy_checks,199.60177935999758,82.42633742304764,82.828997760104,14894.028064316666,5,13.548444981002831
development,ArtSci_t0,ArtSci_t0_r0,rrt_star,0,False,no_geometric_path,,,,,,0.43105196499527665
development,ArtSci_t0,ArtSci_t0_r0,distance_ga,0,True,passed_translational_and_energy_checks,198.6537822262054,82.13838596784674,82.54530541603292,14842.42397094746,5,23.091546440002276
development,ArtSci_t0,ArtSci_t0_r0,proxy_ga,0,True,passed_translational_and_energy_checks,199.43248253033045,81.83928782509577,82.2567980891381,14792.025612416113,5,23.23895878300391
development,ArtSci_t0,ArtSci_t0_r0,time_ga,0,True,passed_translational_and_energy_checks,199.43248253033045,81.83928782509577,82.2567980891381,14792.025612416113,5,22.299621819001914
development,ArtSci_t0,ArtSci_t0_r0,energy_ga,0,True,passed_translational_and_energy_checks,199.43248253033045,81.83928782509577,82.2567980891381,14792.025612416113,5,22.498005677007313
development,ArtSci_t0,ArtSci_t0_r0,astar,1,True,passed_translational_and_energy_checks,199.60177935999758,82.42633742304764,82.828997760104,14894.028064316666,5,13.548444981002831
development,ArtSci_t0,ArtSci_t0_r0,rrt_star,1,False,no_geometric_path,,,,,,0.3336808469975949
development,ArtSci_t0,ArtSci_t0_r0,distance_ga,1,True,passed_translational_and_energy_checks,199.11195818081222,82.23560916961179,82.64379093414097,14861.480451427724,5,21.862863253001706
development,ArtSci_t0,ArtSci_t0_r0,proxy_ga,1,True,passed_translational_and_energy_checks,200.2710922228958,82.03817657746329,82.45101007869705,14828.953320106873,5,22.32389536000119
development,ArtSci_t0,ArtSci_t0_r0,time_ga,1,True,passed_translational_and_energy_checks,200.2710922228958,82.03817657746329,82.45101007869705,14828.953320106873,5,21.71469843399973
development,ArtSci_t0,ArtSci_t0_r0,energy_ga,1,True,passed_translational_and_energy_checks,199.56376669951078,82.16285147366669,82.5735877735049,14849.064359203992,5,21.550252380999154
development,ArtSci_t0,ArtSci_t0_r0,astar,2,True,passed_translational_and_energy_checks,199.60177935999758,82.42633742304764,82.828997760104,14894.028064316666,5,13.548444981002831
development,ArtSci_t0,ArtSci_t0_r0,rrt_star,2,False,no_geometric_path,,,,,,0.3511827210022602
development,ArtSci_t0,ArtSci_t0_r0,distance_ga,2,True,passed_translational_and_energy_checks,198.50019104176457,81.77759264847754,82.19377410549258,14780.098585997632,5,21.69558864300052
development,ArtSci_t0,ArtSci_t0_r0,proxy_ga,2,True,passed_translational_and_energy_checks,199.02809390840278,81.83804108000533,82.2578303465414,14792.140180664708,5,21.675762642007612
development,ArtSci_t0,ArtSci_t0_r0,time_ga,2,True,passed_translational_and_energy_checks,199.02367768306746,81.58796742677556,82.01231740544547,14749.042934343626,5,21.77162319100171
development,ArtSci_t0,ArtSci_t0_r0,energy_ga,2,True,passed_translational_and_energy_checks,199.02809390840278,81.83804108000533,82.2578303465414,14792.140180664708,5,21.835999654998886
development,ArtSci_t0,ArtSci_t0_r0,astar,3,True,passed_translational_and_energy_checks,199.60177935999758,82.42633742304764,82.828997760104,14894.028064316666,5,13.548444981002831
development,ArtSci_t0,ArtSci_t0_r0,rrt_star,3,False,no_geometric_path,,,,,,0.3276494960009586
development,ArtSci_t0,ArtSci_t0_r0,distance_ga,3,True,passed_translational_and_energy_checks,199.44157396335018,82.35546499535761,82.75836992270575,14881.353762881823,5,21.627563656002167
development,ArtSci_t0,ArtSci_t0_r0,proxy_ga,3,True,passed_translational_and_energy_checks,199.54472860600043,81.74777948938241,82.02462346292481,14753.820858300996,4,21.4507270910035
development,ArtSci_t0,ArtSci_t0_r0,time_ga,3,True,passed_translational_and_energy_checks,199.54472860600043,81.74777948938241,82.02462346292481,14753.820858300996,4,21.914305313002842
development,ArtSci_t0,ArtSci_t0_r0,energy_ga,3,True,passed_translational_and_energy_checks,199.54472860600043,81.74777948938241,82.02462346292481,14753.820858300996,4,21.913236410000536
development,ArtSci_t0,ArtSci_t0_r0,astar,4,True,passed_translational_and_energy_checks,199.60177935999758,82.42633742304764,82.828997760104,14894.028064316666,5,13.548444981002831
development,ArtSci_t0,ArtSci_t0_r0,rrt_star,4,False,no_geometric_path,,,,,,0.5179390729972511
development,ArtSci_t0,ArtSci_t0_r0,distance_ga,4,True,passed_translational_and_energy_checks,198.88423730929713,81.99617788894238,82.40335075903486,14818.144703681603,5,21.76282293300028
development,ArtSci_t0,ArtSci_t0_r0,proxy_ga,4,True,passed_translational_and_energy_checks,199.33252642577563,82.1498935468096,82.55073585850353,14844.835141967607,5,21.50032044100226
development,ArtSci_t0,ArtSci_t0_r0,time_ga,4,True,passed_translational_and_energy_checks,199.33252642577563,82.1498935468096,82.55073585850353,14844.835141967607,5,21.35537874000147
development,ArtSci_t0,ArtSci_t0_r0,energy_ga,4,True,passed_translational_and_energy_checks,199.67786662564225,82.28872989850404,82.69684470977317,14871.004226431,5,21.019237013002567
development,ArtSci_t0,ArtSci_t0_r1,astar,0,True,passed_translational_and_energy_checks,271.61793906411276,132.9358978556134,133.75938610397316,23988.751095846856,12,23.673541587006184
development,ArtSci_t0,ArtSci_t0_r1,rrt_star,0,False,no_geometric_path,,,,,,0.3679296769987559
development,ArtSci_t0,ArtSci_t0_r1,distance_ga,0,True,passed_translational_and_energy_checks,267.84247394035475,130.61166189565367,131.33586119472338,23558.21912521703,11,43.73486792200856
development,ArtSci_t0,ArtSci_t0_r1,proxy_ga,0,True,passed_translational_and_energy_checks,273.13700294857705,130.03463402562036,130.557107569124,23429.034169101396,9,42.87917389500217
development,ArtSci_t0,ArtSci_t0_r1,time_ga,0,True,passed_translational_and_energy_checks,273.13700294857705,130.03463402562036,130.557107569124,23429.034169101396,9,42.88692819400603
development,ArtSci_t0,ArtSci_t0_r1,energy_ga,0,True,passed_translational_and_energy_checks,273.13700294857705,130.03463402562036,130.557107569124,23429.034169101396,9,42.66498461900483
development,ArtSci_t0,ArtSci_t0_r1,astar,1,True,passed_translational_and_energy_checks,271.61793906411276,132.9358978556134,133.75938610397316,23988.751095846856,12,23.673541587006184
development,ArtSci_t0,ArtSci_t0_r1,rrt_star,1,False,no_geometric_path,,,,,,0.3753443229943514
development,ArtSci_t0,ArtSci_t0_r1,distance_ga,1,True,passed_translational_and_energy_checks,270.39575761463857,132.85669721962836,133.66092496183416,23970.55655221145,12,41.754588913005136
development,ArtSci_t0,ArtSci_t0_r1,proxy_ga,1,True,passed_translational_and_energy_checks,270.39575761463857,132.85669721962836,133.66092496183416,23970.55655221145,12,41.621797183004674
development,ArtSci_t0,ArtSci_t0_r1,time_ga,1,True,passed_translational_and_energy_checks,270.39575761463857,132.85669721962836,133.66092496183416,23970.55655221145,12,41.96465972300939
development,ArtSci_t0,ArtSci_t0_r1,energy_ga,1,True,passed_translational_and_energy_checks,270.39575761463857,132.85669721962836,133.66092496183416,23970.55655221145,12,41.959646374009026
development,ArtSci_t0,ArtSci_t0_r1,astar,2,True,passed_translational_and_energy_checks,271.61793906411276,132.9358978556134,133.75938610397316,23988.751095846856,12,23.673541587006184
development,ArtSci_t0,ArtSci_t0_r1,rrt_star,2,False,no_geometric_path,,,,,,0.3272468650029623
development,ArtSci_t0,ArtSci_t0_r1,distance_ga,2,True,passed_translational_and_energy_checks,268.5852112455109,129.94685961183043,130.71232771218664,23448.77016519973,11,42.17782077800803
development,ArtSci_t0,ArtSci_t0_r1,proxy_ga,2,True,passed_translational_and_energy_checks,266.57288576251807,127.84175948748685,128.43016002393787,23043.5353761753,10,41.27896164800768
development,ArtSci_t0,ArtSci_t0_r1,time_ga,2,True,passed_translational_and_energy_checks,266.57288576251807,127.84175948748685,128.43016002393787,23043.5353761753,10,40.77656371601188
development,ArtSci_t0,ArtSci_t0_r1,energy_ga,2,True,passed_translational_and_energy_checks,266.57288576251807,127.84175948748685,128.43016002393787,23043.5353761753,10,40.86271484900499
development,ArtSci_t0,ArtSci_t0_r1,astar,3,True,passed_translational_and_energy_checks,271.61793906411276,132.9358978556134,133.75938610397316,23988.751095846856,12,23.673541587006184
development,ArtSci_t0,ArtSci_t0_r1,rrt_star,3,False,no_geometric_path,,,,,,0.36745287999656284
development,ArtSci_t0,ArtSci_t0_r1,distance_ga,3,True,passed_translational_and_energy_checks,268.88412559152357,131.9112896821366,132.72735818225718,23803.41252487518,12,40.4191345030049
development,ArtSci_t0,ArtSci_t0_r1,proxy_ga,3,True,passed_translational_and_energy_checks,270.72469088700797,129.56059820482284,130.06507058075246,23342.264955026927,9,40.79222765400482
development,ArtSci_t0,ArtSci_t0_r1,time_ga,3,True,passed_translational_and_energy_checks,270.72469088700797,129.56059820482284,130.06507058075246,23342.264955026927,9,41.1626590540036
development,ArtSci_t0,ArtSci_t0_r1,energy_ga,3,True,passed_translational_and_energy_checks,270.72469088700797,129.56059820482284,130.06507058075246,23342.264955026927,9,40.69965977501124
development,ArtSci_t0,ArtSci_t0_r1,astar,4,True,passed_translational_and_energy_checks,271.61793906411276,132.9358978556134,133.75938610397316,23988.751095846856,12,23.673541587006184
development,ArtSci_t0,ArtSci_t0_r1,rrt_star,4,False,no_geometric_path,,,,,,0.3312998220062582
development,ArtSci_t0,ArtSci_t0_r1,distance_ga,4,True,passed_translational_and_energy_checks,270.9571176897947,132.06226268435043,132.8912674010588,23833.767301082047,12,39.602880880003795
development,ArtSci_t0,ArtSci_t0_r1,proxy_ga,4,True,passed_translational_and_energy_checks,272.01103671938637,132.00340985820782,132.6433758495359,23796.31664913846,10,39.93365533200267
development,ArtSci_t0,ArtSci_t0_r1,time_ga,4,True,passed_translational_and_energy_checks,272.01103671938637,132.00340985820782,132.6433758495359,23796.31664913846,10,40.363800233011716
development,ArtSci_t0,ArtSci_t0_r1,energy_ga,4,True,passed_translational_and_energy_checks,272.01103671938637,132.00340985820782,132.6433758495359,23796.31664913846,10,39.63795920401026
development,ArtSci_t0,ArtSci_t0_r2,astar,0,True,passed_translational_and_energy_checks,179.3803791003546,73.18402631999341,73.62308650225532,13239.058743410491,5,13.553801579997526
development,ArtSci_t0,ArtSci_t0_r2,rrt_star,0,False,no_geometric_path,,,,,,0.6049434959932114
development,ArtSci_t0,ArtSci_t0_r2,distance_ga,0,True,passed_translational_and_energy_checks,178.30737600841786,72.81596398384882,73.25538783088392,13172.617931477846,5,21.9004358279999
development,ArtSci_t0,ArtSci_t0_r2,proxy_ga,0,True,passed_translational_and_energy_checks,178.30737600841786,72.81596398384882,73.25538783088392,13172.617931477846,5,22.160369315002754
development,ArtSci_t0,ArtSci_t0_r2,time_ga,0,True,passed_translational_and_energy_checks,178.30737600841786,72.81596398384882,73.25538783088392,13172.617931477846,5,21.739359384991985
development,ArtSci_t0,ArtSci_t0_r2,energy_ga,0,True,passed_translational_and_energy_checks,178.30737600841786,72.81596398384882,73.25538783088392,13172.617931477846,5,21.71806462299719
development,ArtSci_t0,ArtSci_t0_r2,astar,1,True,passed_translational_and_energy_checks,179.3803791003546,73.18402631999341,73.62308650225532,13239.058743410491,5,13.553801579997526
development,ArtSci_t0,ArtSci_t0_r2,rrt_star,1,False,no_geometric_path,,,,,,0.5954091230014456
development,ArtSci_t0,ArtSci_t0_r2,distance_ga,1,True,passed_translational_and_energy_checks,178.9687182516829,73.02810977355901,73.47747653684343,13212.70544445993,5,20.934899512998527
development,ArtSci_t0,ArtSci_t0_r2,proxy_ga,1,True,passed_translational_and_energy_checks,178.6597556356822,72.51888382852154,72.97348064416555,13122.983564119733,5,20.81433597199066
development,ArtSci_t0,ArtSci_t0_r2,time_ga,1,True,passed_translational_and_energy_checks,178.6597556356822,72.51888382852154,72.97348064416555,13122.983564119733,5,20.71244433800166
development,ArtSci_t0,ArtSci_t0_r2,energy_ga,1,True,passed_translational_and_energy_checks,178.6597556356822,72.51888382852154,72.97348064416555,13122.983564119733,5,21.341073085997778
development,ArtSci_t0,ArtSci_t0_r2,astar,2,True,passed_translational_and_energy_checks,179.3803791003546,73.18402631999341,73.62308650225532,13239.058743410491,5,13.553801579997526
development,ArtSci_t0,ArtSci_t0_r2,rrt_star,2,False,no_geometric_path,,,,,,0.4672954039997421
development,ArtSci_t0,ArtSci_t0_r2,distance_ga,2,True,passed_translational_and_energy_checks,178.04545019172207,72.43378723716144,72.87575256877648,13105.329066383609,5,21.905009858994163
development,ArtSci_t0,ArtSci_t0_r2,proxy_ga,2,True,passed_translational_and_energy_checks,177.93451313613775,72.46194025864482,72.8815349856711,13106.61171840084,5,21.820390989996667
development,ArtSci_t0,ArtSci_t0_r2,time_ga,2,True,passed_translational_and_energy_checks,177.93451313613775,72.46194025864482,72.8815349856711,13106.61171840084,5,21.600832762997015
development,ArtSci_t0,ArtSci_t0_r2,energy_ga,2,True,passed_translational_and_energy_checks,177.93451313613775,72.46194025864482,72.8815349856711,13106.61171840084,5,21.414562912999827
development,ArtSci_t0,ArtSci_t0_r2,astar,3,True,passed_translational_and_energy_checks,179.3803791003546,73.18402631999341,73.62308650225532,13239.058743410491,5,13.553801579997526
development,ArtSci_t0,ArtSci_t0_r2,rrt_star,3,False,no_geometric_path,,,,,,0.6218198370042956
development,ArtSci_t0,ArtSci_t0_r2,distance_ga,3,True,passed_translational_and_energy_checks,178.4127572981076,72.65789590894029,73.10044278149176,13145.698251642805,5,21.69903083799727
development,ArtSci_t0,ArtSci_t0_r2,proxy_ga,3,True,passed_translational_and_energy_checks,178.56267604189406,72.6998569592,73.12981235263248,13151.217025316319,5,22.117308297994896
development,ArtSci_t0,ArtSci_t0_r2,time_ga,3,True,passed_translational_and_energy_checks,178.56267604189406,72.6998569592,73.12981235263248,13151.217025316319,5,21.691853160999017
development,ArtSci_t0,ArtSci_t0_r2,energy_ga,3,True,passed_translational_and_energy_checks,178.56267604189406,72.6998569592,73.12981235263248,13151.217025316319,5,22.094493425996916
development,ArtSci_t0,ArtSci_t0_r2,astar,4,True,passed_translational_and_energy_checks,179.3803791003546,73.18402631999341,73.62308650225532,13239.058743410491,5,13.553801579997526
development,ArtSci_t0,ArtSci_t0_r2,rrt_star,4,False,no_geometric_path,,,,,,0.5315546400015592
development,ArtSci_t0,ArtSci_t0_r2,distance_ga,4,True,passed_translational_and_energy_checks,177.75698063504154,72.7421366054099,73.18283158483027,13158.863593294962,5,22.118047926000145
development,ArtSci_t0,ArtSci_t0_r2,proxy_ga,4,True,passed_translational_and_energy_checks,178.5433712626835,72.87303020745648,73.31213842056452,13183.009736725684,5,20.696274655994785
development,ArtSci_t0,ArtSci_t0_r2,time_ga,4,True,passed_translational_and_energy_checks,178.5433712626835,72.87303020745648,73.31213842056452,13183.009736725684,5,21.09089624099579
development,ArtSci_t0,ArtSci_t0_r2,energy_ga,4,True,passed_translational_and_energy_checks,178.5433712626835,72.87303020745648,73.31213842056452,13183.009736725684,5,20.662753439995868
development,ArtSci_t1,ArtSci_t1_r0,astar,0,True,passed_translational_and_energy_checks,223.2129622903197,89.71635116214688,90.31436304890829,16243.531603118678,7,6.098898707001354
development,ArtSci_t1,ArtSci_t1_r0,rrt_star,0,True,passed_translational_and_energy_checks,234.10423733768548,93.05836694042043,93.54782232930104,16829.738289346238,6,0.5764775299976463
development,ArtSci_t1,ArtSci_t1_r0,distance_ga,0,True,passed_translational_and_energy_checks,219.66245330263942,88.10622883376804,88.56559331500917,15930.707624721004,6,16.76224808600091
development,ArtSci_t1,ArtSci_t1_r0,proxy_ga,0,True,passed_translational_and_energy_checks,224.79881442086943,86.09285655830864,86.44859727022191,15565.184191171491,4,15.08000713599904
development,ArtSci_t1,ArtSci_t1_r0,time_ga,0,True,passed_translational_and_energy_checks,224.79881442086943,86.09285655830864,86.44859727022191,15565.184191171491,4,15.09186245300225
development,ArtSci_t1,ArtSci_t1_r0,energy_ga,0,True,passed_translational_and_energy_checks,224.79881442086943,86.09285655830864,86.44859727022191,15565.184191171491,4,15.293080278999696
development,ArtSci_t1,ArtSci_t1_r0,astar,1,True,passed_translational_and_energy_checks,223.2129622903197,89.71635116214688,90.31436304890829,16243.531603118678,7,6.098898707001354
development,ArtSci_t1,ArtSci_t1_r0,rrt_star,1,False,no_geometric_path,,,,,,0.4069521010023891
development,ArtSci_t1,ArtSci_t1_r0,distance_ga,1,True,passed_translational_and_energy_checks,221.66576928571726,88.81755632338367,89.27565491768601,16058.702479571639,6,15.365357435002807
development,ArtSci_t1,ArtSci_t1_r0,proxy_ga,1,True,passed_translational_and_energy_checks,223.489822708896,86.53277565487411,86.90207334510123,15644.642199138336,5,14.574006009002915
development,ArtSci_t1,ArtSci_t1_r0,time_ga,1,True,passed_translational_and_energy_checks,223.489822708896,86.53277565487411,86.90207334510123,15644.642199138336,5,14.209313055005623
development,ArtSci_t1,ArtSci_t1_r0,energy_ga,1,True,passed_translational_and_energy_checks,223.489822708896,86.53277565487411,86.90207334510123,15644.642199138336,5,14.713961294997716
development,ArtSci_t1,ArtSci_t1_r0,astar,2,True,passed_translational_and_energy_checks,223.2129622903197,89.71635116214688,90.31436304890829,16243.531603118678,7,6.098898707001354
development,ArtSci_t1,ArtSci_t1_r0,rrt_star,2,False,no_geometric_path,,,,,,0.36061154599883594
development,ArtSci_t1,ArtSci_t1_r0,distance_ga,2,True,passed_translational_and_energy_checks,221.37294455630814,90.84346442920565,91.35019587443209,16425.994855623238,7,17.269336871999258
development,ArtSci_t1,ArtSci_t1_r0,proxy_ga,2,True,passed_translational_and_energy_checks,224.0993290395852,87.70354804848769,88.20298202831951,15873.999840247721,6,15.061726925996481
development,ArtSci_t1,ArtSci_t1_r0,time_ga,2,True,passed_translational_and_energy_checks,224.0993290395852,87.70354804848769,88.20298202831951,15873.999840247721,6,15.5508390219984
development,ArtSci_t1,ArtSci_t1_r0,energy_ga,2,True,passed_translational_and_energy_checks,224.0993290395852,87.70354804848769,88.20298202831951,15873.999840247721,6,16.037486497007194
development,ArtSci_t1,ArtSci_t1_r0,astar,3,True,passed_translational_and_energy_checks,223.2129622903197,89.71635116214688,90.31436304890829,16243.531603118678,7,6.098898707001354
development,ArtSci_t1,ArtSci_t1_r0,rrt_star,3,False,no_geometric_path,,,,,,0.3266236889976426
development,ArtSci_t1,ArtSci_t1_r0,distance_ga,3,True,passed_translational_and_energy_checks,221.93277748826296,89.23491167646584,89.67478484524244,16130.288811642835,6,16.205858936998993
development,ArtSci_t1,ArtSci_t1_r0,proxy_ga,3,True,passed_translational_and_energy_checks,223.0131843304851,87.49903012541317,87.88220519831313,15814.453639452004,5,15.910657984000864
development,ArtSci_t1,ArtSci_t1_r0,time_ga,3,True,passed_translational_and_energy_checks,222.40610663783661,89.17188651583068,89.6253872893732,16121.589783216185,6,16.053894390002824
development,ArtSci_t1,ArtSci_t1_r0,energy_ga,3,True,passed_translational_and_energy_checks,223.0131843304851,87.49903012541317,87.88220519831313,15814.453639452004,5,15.643069250996632
development,ArtSci_t1,ArtSci_t1_r0,astar,4,True,passed_translational_and_energy_checks,223.2129622903197,89.71635116214688,90.31436304890829,16243.531603118678,7,6.098898707001354
development,ArtSci_t1,ArtSci_t1_r0,rrt_star,4,False,no_geometric_path,,,,,,0.44938666700181784
development,ArtSci_t1,ArtSci_t1_r0,distance_ga,4,True,passed_translational_and_energy_checks,221.21607813056062,87.44890220245946,87.91820404855986,15820.084887321178,6,17.600959110000986
development,ArtSci_t1,ArtSci_t1_r0,proxy_ga,4,True,passed_translational_and_energy_checks,221.52040684968244,87.38984963521608,87.8766547207371,15812.259744362285,6,17.60385923400463
development,ArtSci_t1,ArtSci_t1_r0,time_ga,4,True,passed_translational_and_energy_checks,221.52040684968244,87.38984963521608,87.8766547207371,15812.259744362285,6,17.288446628997917
development,ArtSci_t1,ArtSci_t1_r0,energy_ga,4,True,passed_translational_and_energy_checks,221.52040684968244,87.38984963521608,87.8766547207371,15812.259744362285,6,17.46383232899825
development,ArtSci_t1,ArtSci_t1_r1,astar,0,True,passed_translational_and_energy_checks,232.91110042456845,91.95582771694868,92.28316341421926,16608.87595084562,5,6.505760811000073
development,ArtSci_t1,ArtSci_t1_r1,rrt_star,0,False,no_geometric_path,,,,,,0.40380062199983513
development,ArtSci_t1,ArtSci_t1_r1,distance_ga,0,True,passed_translational_and_energy_checks,232.09284528317505,91.56550967027914,91.91755001109496,16541.76365773618,5,14.047288680005295
development,ArtSci_t1,ArtSci_t1_r1,proxy_ga,0,True,passed_translational_and_energy_checks,234.97281490854232,89.5232916277887,89.83415916667268,16177.43186745714,4,14.086968598996464
development,ArtSci_t1,ArtSci_t1_r1,time_ga,0,True,passed_translational_and_energy_checks,234.97281490854232,89.5232916277887,89.83415916667268,16177.43186745714,4,14.210343394006486
development,ArtSci_t1,ArtSci_t1_r1,energy_ga,0,True,passed_translational_and_energy_checks,234.97281490854232,89.5232916277887,89.83415916667268,16177.43186745714,4,13.973662254000374
development,ArtSci_t1,ArtSci_t1_r1,astar,1,True,passed_translational_and_energy_checks,232.91110042456845,91.95582771694868,92.28316341421926,16608.87595084562,5,6.505760811000073
development,ArtSci_t1,ArtSci_t1_r1,rrt_star,1,False,no_geometric_path,,,,,,0.5164102619964979
development,ArtSci_t1,ArtSci_t1_r1,distance_ga,1,True,passed_translational_and_energy_checks,231.66906106852767,87.74465687970485,88.03803568038788,15856.692047454575,4,13.41075585300132
development,ArtSci_t1,ArtSci_t1_r1,proxy_ga,1,True,passed_translational_and_energy_checks,232.91734906484405,88.21744595830967,88.4093082087189,15924.773953245607,3,12.247190795998904
development,ArtSci_t1,ArtSci_t1_r1,time_ga,1,True,passed_translational_and_energy_checks,232.91734906484405,88.21744595830967,88.4093082087189,15924.773953245607,3,12.169314063998172
development,ArtSci_t1,ArtSci_t1_r1,energy_ga,1,True,passed_translational_and_energy_checks,232.91734906484405,88.21744595830967,88.4093082087189,15924.773953245607,3,12.494041252997704
development,ArtSci_t1,ArtSci_t1_r1,astar,2,True,passed_translational_and_energy_checks,232.91110042456845,91.95582771694868,92.28316341421926,16608.87595084562,5,6.505760811000073
development,ArtSci_t1,ArtSci_t1_r1,rrt_star,2,False,no_geometric_path,,,,,,0.44490919800591655
development,ArtSci_t1,ArtSci_t1_r1,distance_ga,2,True,passed_translational_and_energy_checks,232.2631156057525,91.73707700933173,92.07358912464005,16570.54360404209,5,14.45818471199891
development,ArtSci_t1,ArtSci_t1_r1,proxy_ga,2,True,passed_translational_and_energy_checks,232.8042135069658,88.17459586576328,88.36651241375436,15917.063602822875,3,11.444273291999707
development,ArtSci_t1,ArtSci_t1_r1,time_ga,2,True,passed_translational_and_energy_checks,232.8042135069658,88.17459586576328,88.36651241375436,15917.063602822875,3,11.399059085997578
development,ArtSci_t1,ArtSci_t1_r1,energy_ga,2,True,passed_translational_and_energy_checks,232.8042135069658,88.17459586576328,88.36651241375436,15917.063602822875,3,11.515075875999173
development,ArtSci_t1,ArtSci_t1_r1,astar,3,True,passed_translational_and_energy_checks,232.91110042456845,91.95582771694868,92.28316341421926,16608.87595084562,5,6.505760811000073
development,ArtSci_t1,ArtSci_t1_r1,rrt_star,3,False,no_geometric_path,,,,,,0.4146489609993296
development,ArtSci_t1,ArtSci_t1_r1,distance_ga,3,True,passed_translational_and_energy_checks,231.63709883949133,87.73255118545734,87.92255346470306,15837.10646828885,3,13.203918523002358
development,ArtSci_t1,ArtSci_t1_r1,proxy_ga,3,True,passed_translational_and_energy_checks,235.53879720514016,89.21031944144684,89.61283902020041,16139.108006384507,5,13.481460053000774
development,ArtSci_t1,ArtSci_t1_r1,time_ga,3,True,passed_translational_and_energy_checks,235.53879720514016,89.21031944144684,89.61283902020041,16139.108006384507,5,13.696941730006074
development,ArtSci_t1,ArtSci_t1_r1,energy_ga,3,True,passed_translational_and_energy_checks,235.53879720514016,89.21031944144684,89.61283902020041,16139.108006384507,5,13.212340524005413
development,ArtSci_t1,ArtSci_t1_r1,astar,4,True,passed_translational_and_energy_checks,232.91110042456845,91.95582771694868,92.28316341421926,16608.87595084562,5,6.505760811000073
development,ArtSci_t1,ArtSci_t1_r1,rrt_star,4,False,no_geometric_path,,,,,,0.3930404620041372
development,ArtSci_t1,ArtSci_t1_r1,distance_ga,4,True,passed_translational_and_energy_checks,231.77618649451395,89.60890969134937,89.97953842050363,16198.975760784335,5,14.116908406998846
development,ArtSci_t1,ArtSci_t1_r1,proxy_ga,4,True,passed_translational_and_energy_checks,231.4771139582343,87.67195691168124,87.96366515280303,15843.313807398818,4,12.5720580039997
development,ArtSci_t1,ArtSci_t1_r1,time_ga,4,True,passed_translational_and_energy_checks,231.4771139582343,87.67195691168124,87.96366515280303,15843.313807398818,4,12.414779630002158
development,ArtSci_t1,ArtSci_t1_r1,energy_ga,4,True,passed_translational_and_energy_checks,231.4771139582343,87.67195691168124,87.96366515280303,15843.313807398818,4,12.477306494001823
development,ArtSci_t1,ArtSci_t1_r2,astar,0,True,passed_translational_and_energy_checks,210.40541181000322,85.29629635153046,85.52346945957711,15383.527419921142,4,7.5723394230008125
development,ArtSci_t1,ArtSci_t1_r2,rrt_star,0,False,no_geometric_path,,,,,,0.2950892240041867
development,ArtSci_t1,ArtSci_t1_r2,distance_ga,0,True,passed_translational_and_energy_checks,207.99242995479733,82.25116330433751,82.51911542493568,14851.116961880103,4,14.016286673999275
development,ArtSci_t1,ArtSci_t1_r2,proxy_ga,0,True,passed_translational_and_energy_checks,209.19207963595971,82.13355362395208,82.40645843792896,14832.970618015592,4,14.897520882004756
development,ArtSci_t1,ArtSci_t1_r2,time_ga,0,True,passed_translational_and_energy_checks,209.19207963595971,82.13355362395208,82.40645843792896,14832.970618015592,4,14.705690565999248
development,ArtSci_t1,ArtSci_t1_r2,energy_ga,0,True,passed_translational_and_energy_checks,209.19207963595971,82.13355362395208,82.40645843792896,14832.970618015592,4,15.68183011700603
development,ArtSci_t1,ArtSci_t1_r2,astar,1,True,passed_translational_and_energy_checks,210.40541181000322,85.29629635153046,85.52346945957711,15383.527419921142,4,7.5723394230008125
development,ArtSci_t1,ArtSci_t1_r2,rrt_star,1,False,no_geometric_path,,,,,,0.3964310950032086
development,ArtSci_t1,ArtSci_t1_r2,distance_ga,1,True,passed_translational_and_energy_checks,208.48909388768,82.16861433302346,82.44541167106462,14838.582655563916,4,12.808169264004391
development,ArtSci_t1,ArtSci_t1_r2,proxy_ga,1,True,passed_translational_and_energy_checks,209.4837731899927,81.49774904979158,81.65703894753973,14702.70913103559,3,12.809846439995454
development,ArtSci_t1,ArtSci_t1_r2,time_ga,1,True,passed_translational_and_energy_checks,209.4837731899927,81.49774904979158,81.65703894753973,14702.70913103559,3,13.047684023003967
development,ArtSci_t1,ArtSci_t1_r2,energy_ga,1,True,passed_translational_and_energy_checks,209.4837731899927,81.49774904979158,81.65703894753973,14702.70913103559,3,12.629668251000112
development,ArtSci_t1,ArtSci_t1_r2,astar,2,True,passed_translational_and_energy_checks,210.40541181000322,85.29629635153046,85.52346945957711,15383.527419921142,4,7.5723394230008125
development,ArtSci_t1,ArtSci_t1_r2,rrt_star,2,False,no_geometric_path,,,,,,0.32409071500296704
development,ArtSci_t1,ArtSci_t1_r2,distance_ga,2,True,passed_translational_and_energy_checks,208.35925387927983,82.35694181301433,82.62736340214394,14870.697495331726,4,14.955323405003583
development,ArtSci_t1,ArtSci_t1_r2,proxy_ga,2,True,passed_translational_and_energy_checks,208.19033917736758,81.92872971261035,82.18356817858182,14792.287284996124,4,14.48414276100084
development,ArtSci_t1,ArtSci_t1_r2,time_ga,2,True,passed_translational_and_energy_checks,208.19033917736758,81.92872971261035,82.18356817858182,14792.287284996124,4,14.979630587004067
development,ArtSci_t1,ArtSci_t1_r2,energy_ga,2,True,passed_translational_and_energy_checks,208.19033917736758,81.92872971261035,82.18356817858182,14792.287284996124,4,15.42974776000483
development,ArtSci_t1,ArtSci_t1_r2,astar,3,True,passed_translational_and_energy_checks,210.40541181000322,85.29629635153046,85.52346945957711,15383.527419921142,4,7.5723394230008125
development,ArtSci_t1,ArtSci_t1_r2,rrt_star,3,False,no_geometric_path,,,,,,0.3716617199970642
development,ArtSci_t1,ArtSci_t1_r2,distance_ga,3,True,passed_translational_and_energy_checks,208.9790514763561,82.22745449585226,82.4924837189418,14847.818629672236,4,13.854833618002885
development,ArtSci_t1,ArtSci_t1_r2,proxy_ga,3,True,passed_translational_and_energy_checks,208.9790514763561,82.22745449585226,82.4924837189418,14847.818629672236,4,13.675506710002082
development,ArtSci_t1,ArtSci_t1_r2,time_ga,3,True,passed_translational_and_energy_checks,208.9790514763561,82.22745449585226,82.4924837189418,14847.818629672236,4,13.602598664001562
development,ArtSci_t1,ArtSci_t1_r2,energy_ga,3,True,passed_translational_and_energy_checks,208.9790514763561,82.22745449585226,82.4924837189418,14847.818629672236,4,14.074211390005075
development,ArtSci_t1,ArtSci_t1_r2,astar,4,True,passed_translational_and_energy_checks,210.40541181000322,85.29629635153046,85.52346945957711,15383.527419921142,4,7.5723394230008125
development,ArtSci_t1,ArtSci_t1_r2,rrt_star,4,False,no_geometric_path,,,,,,0.3154281150054885
development,ArtSci_t1,ArtSci_t1_r2,distance_ga,4,True,passed_translational_and_energy_checks,207.6406215640342,81.69746712014674,81.9772879614,14754.733860536016,4,13.281754244002514
development,ArtSci_t1,ArtSci_t1_r2,proxy_ga,4,True,passed_translational_and_energy_checks,208.56512255213508,81.26654016662118,81.53579585185541,14679.249654201643,4,13.526297839998733
development,ArtSci_t1,ArtSci_t1_r2,time_ga,4,True,passed_translational_and_energy_checks,208.56512255213508,81.26654016662118,81.53579585185541,14679.249654201643,4,13.161033263000718
development,ArtSci_t1,ArtSci_t1_r2,energy_ga,4,True,passed_translational_and_energy_checks,208.56512255213508,81.26654016662118,81.53579585185541,14679.249654201643,4,13.254596965001838
heldout,PolyTech_t0,PolyTech_t0_r0,astar,0,True,passed_translational_and_energy_checks,213.0859458749103,98.80541770918511,99.37450754307507,17825.44292012416,8,4.3885752400019555
heldout,PolyTech_t0,PolyTech_t0_r0,rrt_star,0,False,no_geometric_path,,,,,,0.2019399139971938
heldout,PolyTech_t0,PolyTech_t0_r0,distance_ga,0,True,passed_translational_and_energy_checks,210.9817214426259,94.76777558106139,95.17088647450349,17083.832903807423,6,10.386224879002839
heldout,PolyTech_t0,PolyTech_t0_r0,proxy_ga,0,True,passed_translational_and_energy_checks,211.6321360125055,97.30867934593398,97.67504882489051,17527.376313526856,6,10.334650650002004
heldout,PolyTech_t0,PolyTech_t0_r0,time_ga,0,True,passed_translational_and_energy_checks,211.6321360125055,97.30867934593398,97.67504882489051,17527.376313526856,6,10.292190681000648
heldout,PolyTech_t0,PolyTech_t0_r0,energy_ga,0,True,passed_translational_and_energy_checks,211.6321360125055,97.30867934593398,97.67504882489051,17527.376313526856,6,10.21911099600402
heldout,PolyTech_t0,PolyTech_t0_r0,astar,1,True,passed_translational_and_energy_checks,213.0859458749103,98.80541770918511,99.37450754307507,17825.44292012416,8,4.3885752400019555
heldout,PolyTech_t0,PolyTech_t0_r0,rrt_star,1,False,no_geometric_path,,,,,,0.29007722200185526
heldout,PolyTech_t0,PolyTech_t0_r0,distance_ga,1,True,passed_translational_and_energy_checks,211.69955132326862,98.73220968026558,99.27849074713592,17807.48863574012,8,10.320699997006159
heldout,PolyTech_t0,PolyTech_t0_r0,proxy_ga,1,True,passed_translational_and_energy_checks,213.7009173748979,91.06542254512901,91.37237503679225,16418.68544364542,5,10.285813202004647
heldout,PolyTech_t0,PolyTech_t0_r0,time_ga,1,True,passed_translational_and_energy_checks,213.7009173748979,91.06542254512901,91.37237503679225,16418.68544364542,5,9.725192268997489
heldout,PolyTech_t0,PolyTech_t0_r0,energy_ga,1,True,passed_translational_and_energy_checks,213.7009173748979,91.06542254512901,91.37237503679225,16418.68544364542,5,9.53370293500484
heldout,PolyTech_t0,PolyTech_t0_r0,astar,2,True,passed_translational_and_energy_checks,213.0859458749103,98.80541770918511,99.37450754307507,17825.44292012416,8,4.3885752400019555
heldout,PolyTech_t0,PolyTech_t0_r0,rrt_star,2,False,no_geometric_path,,,,,,0.32270699799846625
heldout,PolyTech_t0,PolyTech_t0_r0,distance_ga,2,True,passed_translational_and_energy_checks,211.34596406587067,94.75703517966143,95.2642199516853,17099.923591504717,7,10.641900350005017
heldout,PolyTech_t0,PolyTech_t0_r0,proxy_ga,2,True,passed_translational_and_energy_checks,211.85793861415738,93.14632696369792,93.51705023538075,16794.08179313793,6,10.213241074998223
heldout,PolyTech_t0,PolyTech_t0_r0,time_ga,2,True,passed_translational_and_energy_checks,211.85793861415738,93.14632696369792,93.51705023538075,16794.08179313793,6,10.92125182300515
heldout,PolyTech_t0,PolyTech_t0_r0,energy_ga,2,True,passed_translational_and_energy_checks,211.85793861415738,93.14632696369792,93.51705023538075,16794.08179313793,6,10.306413450998662
heldout,PolyTech_t0,PolyTech_t0_r0,astar,3,True,passed_translational_and_energy_checks,213.0859458749103,98.80541770918511,99.37450754307507,17825.44292012416,8,4.3885752400019555
heldout,PolyTech_t0,PolyTech_t0_r0,rrt_star,3,False,no_geometric_path,,,,,,0.23268352000013692
heldout,PolyTech_t0,PolyTech_t0_r0,distance_ga,3,True,passed_translational_and_energy_checks,211.7233025575897,96.17956499742496,96.55846188570032,17328.661683991486,6,10.260530676998314
heldout,PolyTech_t0,PolyTech_t0_r0,proxy_ga,3,True,passed_translational_and_energy_checks,212.37996013390003,90.44924314772415,90.75058450655496,16306.888154462891,5,9.446985300004599
heldout,PolyTech_t0,PolyTech_t0_r0,time_ga,3,True,passed_translational_and_energy_checks,212.37996013390003,90.44924314772415,90.75058450655496,16306.888154462891,5,9.593589632997464
heldout,PolyTech_t0,PolyTech_t0_r0,energy_ga,3,True,passed_translational_and_energy_checks,212.37996013390003,90.44924314772415,90.75058450655496,16306.888154462891,5,9.508544312004233
heldout,PolyTech_t0,PolyTech_t0_r0,astar,4,True,passed_translational_and_energy_checks,213.0859458749103,98.80541770918511,99.37450754307507,17825.44292012416,8,4.3885752400019555
heldout,PolyTech_t0,PolyTech_t0_r0,rrt_star,4,False,no_geometric_path,,,,,,0.20551279200299177
heldout,PolyTech_t0,PolyTech_t0_r0,distance_ga,4,True,passed_translational_and_energy_checks,211.4193205830849,96.48634583736758,96.87022742356422,17383.108871095603,6,10.261948425999435
heldout,PolyTech_t0,PolyTech_t0_r0,proxy_ga,4,True,passed_translational_and_energy_checks,213.99449358016926,94.47272927972705,94.83561789351866,17027.375612857075,6,9.72932026500348
heldout,PolyTech_t0,PolyTech_t0_r0,time_ga,4,True,passed_translational_and_energy_checks,211.9577100242295,95.22885786350139,95.58507805545491,17157.5682171044,6,10.798274501008564
heldout,PolyTech_t0,PolyTech_t0_r0,energy_ga,4,True,passed_translational_and_energy_checks,211.9577100242295,95.22885786350139,95.58507805545491,17157.5682171044,6,10.929811461006466
heldout,PolyTech_t0,PolyTech_t0_r1,astar,0,True,passed_translational_and_energy_checks,180.75007620294272,75.93807327481953,76.0990957921962,13677.154189607965,3,4.331703458999982
heldout,PolyTech_t0,PolyTech_t0_r1,rrt_star,0,False,no_geometric_path,,,,,,0.1869933160051005
heldout,PolyTech_t0,PolyTech_t0_r1,distance_ga,0,True,passed_translational_and_energy_checks,178.77785417209304,76.3930699529819,76.54857429224555,13755.372355246698,3,6.749425744004839
heldout,PolyTech_t0,PolyTech_t0_r1,proxy_ga,0,True,passed_translational_and_energy_checks,180.73618023910547,74.75687043863589,74.93357148423783,13471.913614386032,3,6.491463732992997
heldout,PolyTech_t0,PolyTech_t0_r1,time_ga,0,True,passed_translational_and_energy_checks,180.73618023910547,74.75687043863589,74.93357148423783,13471.913614386032,3,6.680852637000498
heldout,PolyTech_t0,PolyTech_t0_r1,energy_ga,0,True,passed_translational_and_energy_checks,180.73618023910547,74.75687043863589,74.93357148423783,13471.913614386032,3,6.6269624730048236
heldout,PolyTech_t0,PolyTech_t0_r1,astar,1,True,passed_translational_and_energy_checks,180.75007620294272,75.93807327481953,76.0990957921962,13677.154189607965,3,4.331703458999982
heldout,PolyTech_t0,PolyTech_t0_r1,rrt_star,1,False,no_geometric_path,,,,,,0.3198664369992912
heldout,PolyTech_t0,PolyTech_t0_r1,distance_ga,1,True,passed_translational_and_energy_checks,176.93927304425233,75.89626955376684,76.0469839966832,13665.963980799614,3,7.014754589996301
heldout,PolyTech_t0,PolyTech_t0_r1,proxy_ga,1,True,passed_translational_and_energy_checks,180.36746921425905,75.0222920894327,75.18817828888427,13515.349018122939,3,6.895991065997805
heldout,PolyTech_t0,PolyTech_t0_r1,time_ga,1,True,passed_translational_and_energy_checks,180.36746921425905,75.0222920894327,75.18817828888427,13515.349018122939,3,7.061017605003144
heldout,PolyTech_t0,PolyTech_t0_r1,energy_ga,1,True,passed_translational_and_energy_checks,180.36746921425905,75.0222920894327,75.18817828888427,13515.349018122939,3,7.311747899999318
heldout,PolyTech_t0,PolyTech_t0_r1,astar,2,True,passed_translational_and_energy_checks,180.75007620294272,75.93807327481953,76.0990957921962,13677.154189607965,3,4.331703458999982
heldout,PolyTech_t0,PolyTech_t0_r1,rrt_star,2,False,no_geometric_path,,,,,,0.2688839620022918
heldout,PolyTech_t0,PolyTech_t0_r1,distance_ga,2,True,passed_translational_and_energy_checks,177.60685841624826,76.2769848494754,76.52740782565776,13749.763263775596,4,7.155995009998151
heldout,PolyTech_t0,PolyTech_t0_r1,proxy_ga,2,True,passed_translational_and_energy_checks,181.01339670869243,73.71077373881485,73.88739144745853,13286.504497353155,3,6.96765509400575
heldout,PolyTech_t0,PolyTech_t0_r1,time_ga,2,True,passed_translational_and_energy_checks,181.01339670869243,73.71077373881485,73.88739144745853,13286.504497353155,3,6.944291617000999
heldout,PolyTech_t0,PolyTech_t0_r1,energy_ga,2,True,passed_translational_and_energy_checks,181.01339670869243,73.71077373881485,73.88739144745853,13286.504497353155,3,6.9406201250021695
heldout,PolyTech_t0,PolyTech_t0_r1,astar,3,True,passed_translational_and_energy_checks,180.75007620294272,75.93807327481953,76.0990957921962,13677.154189607965,3,4.331703458999982
heldout,PolyTech_t0,PolyTech_t0_r1,rrt_star,3,True,passed_translational_and_energy_checks,210.02696223201391,88.23133768157032,88.5559816913377,15919.034263119043,5,0.35148167299485067
heldout,PolyTech_t0,PolyTech_t0_r1,distance_ga,3,True,passed_translational_and_energy_checks,179.98128393576403,74.82137397670961,74.98563788292816,13479.45646209448,3,7.185432291997131
heldout,PolyTech_t0,PolyTech_t0_r1,proxy_ga,3,True,passed_translational_and_energy_checks,179.98128393576403,74.82137397670961,74.98563788292816,13479.45646209448,3,6.922484877999523
heldout,PolyTech_t0,PolyTech_t0_r1,time_ga,3,True,passed_translational_and_energy_checks,179.98128393576403,74.82137397670961,74.98563788292816,13479.45646209448,3,7.000739378003345
heldout,PolyTech_t0,PolyTech_t0_r1,energy_ga,3,True,passed_translational_and_energy_checks,179.98128393576403,74.82137397670961,74.98563788292816,13479.45646209448,3,6.913834105995193
heldout,PolyTech_t0,PolyTech_t0_r1,astar,4,True,passed_translational_and_energy_checks,180.75007620294272,75.93807327481953,76.0990957921962,13677.154189607965,3,4.331703458999982
heldout,PolyTech_t0,PolyTech_t0_r1,rrt_star,4,False,no_geometric_path,,,,,,0.2745734130003257
heldout,PolyTech_t0,PolyTech_t0_r1,distance_ga,4,True,passed_translational_and_energy_checks,178.18155590241466,76.23556845700875,76.38931652927151,13727.595760735207,3,6.6775497869966784
heldout,PolyTech_t0,PolyTech_t0_r1,proxy_ga,4,True,passed_translational_and_energy_checks,180.6103717792126,75.53324757604747,75.69554285874291,13605.948670296984,3,6.664817712000513
heldout,PolyTech_t0,PolyTech_t0_r1,time_ga,4,True,passed_translational_and_energy_checks,180.6103717792126,75.53324757604747,75.69554285874291,13605.948670296984,3,6.6074868209980195
heldout,PolyTech_t0,PolyTech_t0_r1,energy_ga,4,True,passed_translational_and_energy_checks,180.6103717792126,75.53324757604747,75.69554285874291,13605.948670296984,3,6.627701919001993
heldout,ArtSci_t0,ArtSci_t0_r0,astar,0,True,passed_translational_and_energy_checks,222.42254734597122,105.20386069013507,105.93582358431779,19005.65462055641,12,17.206624039004964
heldout,ArtSci_t0,ArtSci_t0_r0,rrt_star,0,False,no_geometric_path,,,,,,0.3777306010015309
heldout,ArtSci_t0,ArtSci_t0_r0,distance_ga,0,True,passed_translational_and_energy_checks,222.1090852387324,102.39187429198608,103.09043549323812,18501.512758824952,11,33.38465219200589
heldout,ArtSci_t0,ArtSci_t0_r0,proxy_ga,0,True,passed_translational_and_energy_checks,223.28805217289252,99.81989643512205,100.47050829176162,18039.958485355823,10,32.650657582009444
heldout,ArtSci_t0,ArtSci_t0_r0,time_ga,0,True,passed_translational_and_energy_checks,223.28805217289252,99.81989643512205,100.47050829176162,18039.958485355823,10,32.231628722001915
heldout,ArtSci_t0,ArtSci_t0_r0,energy_ga,0,True,passed_translational_and_energy_checks,223.28805217289252,99.81989643512205,100.47050829176162,18039.958485355823,10,32.00686980099999
heldout,ArtSci_t0,ArtSci_t0_r0,astar,1,True,passed_translational_and_energy_checks,222.42254734597122,105.20386069013507,105.93582358431779,19005.65462055641,12,17.206624039004964
heldout,ArtSci_t0,ArtSci_t0_r0,rrt_star,1,False,no_geometric_path,,,,,,0.6612638579972554
heldout,ArtSci_t0,ArtSci_t0_r0,distance_ga,1,True,passed_translational_and_energy_checks,219.5390491462177,101.82142503029864,102.55320998846511,18402.517348508103,11,35.803012014010164
heldout,ArtSci_t0,ArtSci_t0_r0,proxy_ga,1,True,passed_translational_and_energy_checks,229.09590153717207,99.3240484346152,99.95542678074446,17954.694768980047,9,32.394504884003254
heldout,ArtSci_t0,ArtSci_t0_r0,time_ga,1,True,passed_translational_and_energy_checks,229.09590153717207,99.3240484346152,99.95542678074446,17954.694768980047,9,32.671505967002304
heldout,ArtSci_t0,ArtSci_t0_r0,energy_ga,1,True,passed_translational_and_energy_checks,229.09590153717207,99.3240484346152,99.95542678074446,17954.694768980047,9,31.9750898400016
heldout,ArtSci_t0,ArtSci_t0_r0,astar,2,True,passed_translational_and_energy_checks,222.42254734597122,105.20386069013507,105.93582358431779,19005.65462055641,12,17.206624039004964
heldout,ArtSci_t0,ArtSci_t0_r0,rrt_star,2,False,no_geometric_path,,,,,,0.45499215399468085
heldout,ArtSci_t0,ArtSci_t0_r0,distance_ga,2,True,passed_translational_and_energy_checks,220.7161543324799,104.49808406889166,105.22204048648115,18877.990036223906,12,33.143640169007995
heldout,ArtSci_t0,ArtSci_t0_r0,proxy_ga,2,True,passed_translational_and_energy_checks,234.28550055187333,98.30603235448292,98.92275022806221,17777.786535017833,8,31.475728727004025
heldout,ArtSci_t0,ArtSci_t0_r0,time_ga,2,True,passed_translational_and_energy_checks,234.28550055187333,98.30603235448292,98.92275022806221,17777.786535017833,8,31.58790163100639
heldout,ArtSci_t0,ArtSci_t0_r0,energy_ga,2,True,passed_translational_and_energy_checks,234.28550055187333,98.30603235448292,98.92275022806221,17777.786535017833,8,31.320266914000968
heldout,ArtSci_t0,ArtSci_t0_r0,astar,3,True,passed_translational_and_energy_checks,222.42254734597122,105.20386069013507,105.93582358431779,19005.65462055641,12,17.206624039004964
heldout,ArtSci_t0,ArtSci_t0_r0,rrt_star,3,False,no_geometric_path,,,,,,0.46967273100017337
heldout,ArtSci_t0,ArtSci_t0_r0,distance_ga,3,True,passed_translational_and_energy_checks,221.59613470476688,104.75351260884361,105.47646871163639,18923.850854662163,12,34.398719280005025
heldout,ArtSci_t0,ArtSci_t0_r0,proxy_ga,3,True,passed_translational_and_energy_checks,226.84288355255975,96.61681907912046,97.17253487979602,17460.689907422035,8,33.47442000900628
heldout,ArtSci_t0,ArtSci_t0_r0,time_ga,3,True,passed_translational_and_energy_checks,226.84288355255975,96.61681907912046,97.17253487979602,17460.689907422035,8,30.91461619700567
heldout,ArtSci_t0,ArtSci_t0_r0,energy_ga,3,True,passed_translational_and_energy_checks,226.84288355255975,96.61681907912046,97.17253487979602,17460.689907422035,8,30.565801582008135
heldout,ArtSci_t0,ArtSci_t0_r0,astar,4,True,passed_translational_and_energy_checks,222.42254734597122,105.20386069013507,105.93582358431779,19005.65462055641,12,17.206624039004964
heldout,ArtSci_t0,ArtSci_t0_r0,rrt_star,4,False,no_geometric_path,,,,,,0.5248668630010798
heldout,ArtSci_t0,ArtSci_t0_r0,distance_ga,4,True,passed_translational_and_energy_checks,221.18252874680425,102.16941053249838,102.85301559778175,18458.866253768832,11,32.367876533004164
heldout,ArtSci_t0,ArtSci_t0_r0,proxy_ga,4,True,passed_translational_and_energy_checks,234.1159127921099,100.15784415973197,100.82918053724138,18115.28934459913,9,31.660964529008197
heldout,ArtSci_t0,ArtSci_t0_r0,time_ga,4,True,passed_translational_and_energy_checks,234.1159127921099,100.15784415973197,100.82918053724138,18115.28934459913,9,31.87265386299987
heldout,ArtSci_t0,ArtSci_t0_r0,energy_ga,4,True,passed_translational_and_energy_checks,234.1159127921099,100.15784415973197,100.82918053724138,18115.28934459913,9,31.84444105700095
heldout,ArtSci_t0,ArtSci_t0_r1,astar,0,True,passed_translational_and_energy_checks,183.95374526756675,93.98152290600186,94.38209399271041,16920.84493461126,8,12.152434124000138
heldout,ArtSci_t0,ArtSci_t0_r1,rrt_star,0,False,no_geometric_path,,,,,,0.33039421799912816
heldout,ArtSci_t0,ArtSci_t0_r1,distance_ga,0,True,passed_translational_and_energy_checks,181.07789156914774,89.31213649799008,89.72081707619954,16091.021243829733,7,24.042157951000263
heldout,ArtSci_t0,ArtSci_t0_r1,proxy_ga,0,True,passed_translational_and_energy_checks,181.07789156914774,89.31213649799008,89.72081707619954,16091.021243829733,7,24.604993620996538
heldout,ArtSci_t0,ArtSci_t0_r1,time_ga,0,True,passed_translational_and_energy_checks,181.07789156914774,89.31213649799008,89.72081707619954,16091.021243829733,7,23.84958523700334
heldout,ArtSci_t0,ArtSci_t0_r1,energy_ga,0,True,passed_translational_and_energy_checks,181.07789156914774,89.31213649799008,89.72081707619954,16091.021243829733,7,23.502536037995014
heldout,ArtSci_t0,ArtSci_t0_r1,astar,1,True,passed_translational_and_energy_checks,183.95374526756675,93.98152290600186,94.38209399271041,16920.84493461126,8,12.152434124000138
heldout,ArtSci_t0,ArtSci_t0_r1,rrt_star,1,False,no_geometric_path,,,,,,0.34169433700299123
heldout,ArtSci_t0,ArtSci_t0_r1,distance_ga,1,True,passed_translational_and_energy_checks,181.45001233469887,90.47734480970409,90.84187917459879,16290.455184921368,7,24.968373335999786
heldout,ArtSci_t0,ArtSci_t0_r1,proxy_ga,1,True,passed_translational_and_energy_checks,180.89688694248062,90.08159372522657,90.44023005492095,16219.10132849673,7,25.25730234400544
heldout,ArtSci_t0,ArtSci_t0_r1,time_ga,1,True,passed_translational_and_energy_checks,180.89688694248062,90.08159372522657,90.44023005492095,16219.10132849673,7,25.024739751999732
heldout,ArtSci_t0,ArtSci_t0_r1,energy_ga,1,True,passed_translational_and_energy_checks,180.89688694248062,90.08159372522657,90.44023005492095,16219.10132849673,7,24.658002575000864
heldout,ArtSci_t0,ArtSci_t0_r1,astar,2,True,passed_translational_and_energy_checks,183.95374526756675,93.98152290600186,94.38209399271041,16920.84493461126,8,12.152434124000138
heldout,ArtSci_t0,ArtSci_t0_r1,rrt_star,2,False,no_geometric_path,,,,,,0.33171561399649363
heldout,ArtSci_t0,ArtSci_t0_r1,distance_ga,2,True,passed_translational_and_energy_checks,180.7695883719266,89.79325024621195,90.10878708275955,16158.427507003282,6,23.45185749700613
heldout,ArtSci_t0,ArtSci_t0_r1,proxy_ga,2,True,passed_translational_and_energy_checks,180.7695883719266,89.79325024621195,90.10878708275955,16158.427507003282,6,22.902627998999378
heldout,ArtSci_t0,ArtSci_t0_r1,time_ga,2,True,passed_translational_and_energy_checks,180.7695883719266,89.79325024621195,90.10878708275955,16158.427507003282,6,22.977520077998633
heldout,ArtSci_t0,ArtSci_t0_r1,energy_ga,2,True,passed_translational_and_energy_checks,180.7695883719266,89.79325024621195,90.10878708275955,16158.427507003282,6,22.820357946999138
heldout,ArtSci_t0,ArtSci_t0_r1,astar,3,True,passed_translational_and_energy_checks,183.95374526756675,93.98152290600186,94.38209399271041,16920.84493461126,8,12.152434124000138
heldout,ArtSci_t0,ArtSci_t0_r1,rrt_star,3,False,no_geometric_path,,,,,,0.3368724370011478
heldout,ArtSci_t0,ArtSci_t0_r1,distance_ga,3,True,passed_translational_and_energy_checks,182.5590664869063,92.78945775614304,93.07870083631066,16688.29358321946,6,23.40582613999868
heldout,ArtSci_t0,ArtSci_t0_r1,proxy_ga,3,True,passed_translational_and_energy_checks,182.5590664869063,92.78945775614304,93.07870083631066,16688.29358321946,6,23.30772616300237
heldout,ArtSci_t0,ArtSci_t0_r1,time_ga,3,True,passed_translational_and_energy_checks,182.5590664869063,92.78945775614304,93.07870083631066,16688.29358321946,6,23.519574316000217
heldout,ArtSci_t0,ArtSci_t0_r1,energy_ga,3,True,passed_translational_and_energy_checks,182.5590664869063,92.78945775614304,93.07870083631066,16688.29358321946,6,24.224642977998883
heldout,ArtSci_t0,ArtSci_t0_r1,astar,4,True,passed_translational_and_energy_checks,183.95374526756675,93.98152290600186,94.38209399271041,16920.84493461126,8,12.152434124000138
heldout,ArtSci_t0,ArtSci_t0_r1,rrt_star,4,False,no_geometric_path,,,,,,0.3423366939969128
heldout,ArtSci_t0,ArtSci_t0_r1,distance_ga,4,True,passed_translational_and_energy_checks,182.14271963945032,91.72057979862535,92.0654658699874,16509.28381681935,7,23.4370061380032
heldout,ArtSci_t0,ArtSci_t0_r1,proxy_ga,4,True,passed_translational_and_energy_checks,182.27877446979136,89.52771137005152,89.80867888553753,16110.544731021715,6,24.33013156800007
heldout,ArtSci_t0,ArtSci_t0_r1,time_ga,4,True,passed_translational_and_energy_checks,182.27877446979136,89.52771137005152,89.80867888553753,16110.544731021715,6,24.80944345199532
heldout,ArtSci_t0,ArtSci_t0_r1,energy_ga,4,True,passed_translational_and_energy_checks,182.27877446979136,89.52771137005152,89.80867888553753,16110.544731021715,6,23.799352556001395
heldout,ArtSci_t1,ArtSci_t1_r0,astar,0,True,passed_translational_and_energy_checks,200.28236070659966,77.90789915057661,78.24949000491534,14083.26596753384,4,5.056933836000098
heldout,ArtSci_t1,ArtSci_t1_r0,rrt_star,0,False,no_geometric_path,,,,,,0.3695678959993529
heldout,ArtSci_t1,ArtSci_t1_r0,distance_ga,0,True,passed_translational_and_energy_checks,198.5842351798416,77.54862429072443,77.89554713543387,14019.030753858524,4,10.269619831000455
heldout,ArtSci_t1,ArtSci_t1_r0,proxy_ga,0,True,passed_translational_and_energy_checks,198.5842351798416,77.54862429072443,77.89554713543387,14019.030753858524,4,10.161222271999577
heldout,ArtSci_t1,ArtSci_t1_r0,time_ga,0,True,passed_translational_and_energy_checks,198.5842351798416,77.54862429072443,77.89554713543387,14019.030753858524,4,10.271196868001425
heldout,ArtSci_t1,ArtSci_t1_r0,energy_ga,0,True,passed_translational_and_energy_checks,198.5842351798416,77.54862429072443,77.89554713543387,14019.030753858524,4,10.222670437004126
heldout,ArtSci_t1,ArtSci_t1_r0,astar,1,True,passed_translational_and_energy_checks,200.28236070659966,77.90789915057661,78.24949000491534,14083.26596753384,4,5.056933836000098
heldout,ArtSci_t1,ArtSci_t1_r0,rrt_star,1,True,passed_translational_and_energy_checks,201.34001702308313,76.54130323302465,76.96018557174887,13858.059761064178,4,0.4762808239975129
heldout,ArtSci_t1,ArtSci_t1_r0,distance_ga,1,True,passed_translational_and_energy_checks,198.244431234862,75.59335229601594,75.97998235849893,13680.780841038002,4,11.88184720499703
heldout,ArtSci_t1,ArtSci_t1_r0,proxy_ga,1,True,passed_translational_and_energy_checks,199.79339700392424,77.00024409242556,77.34362706524949,13923.54133111597,4,10.577362174997688
heldout,ArtSci_t1,ArtSci_t1_r0,time_ga,1,True,passed_translational_and_energy_checks,199.79339700392424,77.00024409242556,77.34362706524949,13923.54133111597,4,10.971587596999598
heldout,ArtSci_t1,ArtSci_t1_r0,energy_ga,1,True,passed_translational_and_energy_checks,199.79339700392424,77.00024409242556,77.34362706524949,13923.54133111597,4,10.825413140999444
heldout,ArtSci_t1,ArtSci_t1_r0,astar,2,True,passed_translational_and_energy_checks,200.28236070659966,77.90789915057661,78.24949000491534,14083.26596753384,4,5.056933836000098
heldout,ArtSci_t1,ArtSci_t1_r0,rrt_star,2,False,no_geometric_path,,,,,,0.35440747199754696
heldout,ArtSci_t1,ArtSci_t1_r0,distance_ga,2,True,passed_translational_and_energy_checks,198.65126987384457,76.80404706495592,77.17528843416724,13891.364812807315,4,11.54806920500414
heldout,ArtSci_t1,ArtSci_t1_r0,proxy_ga,2,True,passed_translational_and_energy_checks,200.33581972418995,77.43000574847792,77.78004430662564,14000.915667891717,4,11.654899060995376
heldout,ArtSci_t1,ArtSci_t1_r0,time_ga,2,True,passed_translational_and_energy_checks,200.33581972418995,77.43000574847792,77.78004430662564,14000.915667891717,4,11.77255137499742
heldout,ArtSci_t1,ArtSci_t1_r0,energy_ga,2,True,passed_translational_and_energy_checks,200.33581972418995,77.43000574847792,77.78004430662564,14000.915667891717,4,11.735429470005329
heldout,ArtSci_t1,ArtSci_t1_r0,astar,3,True,passed_translational_and_energy_checks,200.28236070659966,77.90789915057661,78.24949000491534,14083.26596753384,4,5.056933836000098
heldout,ArtSci_t1,ArtSci_t1_r0,rrt_star,3,False,no_geometric_path,,,,,,0.383894375001546
heldout,ArtSci_t1,ArtSci_t1_r0,distance_ga,3,True,passed_translational_and_energy_checks,197.7956718420782,75.99596476908742,76.3449470943633,13744.627643510892,4,11.321340950999002
heldout,ArtSci_t1,ArtSci_t1_r0,proxy_ga,3,True,passed_translational_and_energy_checks,197.8382185219237,74.9312252651786,75.31298854897557,13563.218639684354,4,11.092365978001908
heldout,ArtSci_t1,ArtSci_t1_r0,time_ga,3,True,passed_translational_and_energy_checks,197.8382185219237,74.9312252651786,75.31298854897557,13563.218639684354,4,11.58412868999585
heldout,ArtSci_t1,ArtSci_t1_r0,energy_ga,3,True,passed_translational_and_energy_checks,197.8382185219237,74.9312252651786,75.31298854897557,13563.218639684354,4,11.272792509000283
heldout,ArtSci_t1,ArtSci_t1_r0,astar,4,True,passed_translational_and_energy_checks,200.28236070659966,77.90789915057661,78.24949000491534,14083.26596753384,4,5.056933836000098
heldout,ArtSci_t1,ArtSci_t1_r0,rrt_star,4,False,no_geometric_path,,,,,,0.36274119000154315
heldout,ArtSci_t1,ArtSci_t1_r0,distance_ga,4,True,passed_translational_and_energy_checks,199.26888214416314,77.59237064219923,77.92963596977515,14025.409198076384,4,10.769254460996308
heldout,ArtSci_t1,ArtSci_t1_r0,proxy_ga,4,True,passed_translational_and_energy_checks,198.93109181518741,76.1526084301909,76.5344339870641,13779.322883336772,4,10.75508767899737
heldout,ArtSci_t1,ArtSci_t1_r0,time_ga,4,True,passed_translational_and_energy_checks,198.93109181518741,76.1526084301909,76.5344339870641,13779.322883336772,4,10.693934474998969
heldout,ArtSci_t1,ArtSci_t1_r0,energy_ga,4,True,passed_translational_and_energy_checks,198.93109181518741,76.1526084301909,76.5344339870641,13779.322883336772,4,10.907903322993661
heldout,ArtSci_t1,ArtSci_t1_r1,astar,0,True,passed_translational_and_energy_checks,187.8463179853209,79.5421213383374,79.76074086665513,14341.039653301646,4,6.956037704003393
heldout,ArtSci_t1,ArtSci_t1_r1,rrt_star,0,True,passed_translational_and_energy_checks,235.23492632077088,90.2452559716513,90.93444175402182,16367.87448841085,7,0.6502523689996451
heldout,ArtSci_t1,ArtSci_t1_r1,distance_ga,0,True,passed_translational_and_energy_checks,187.4555400845441,79.3941142084182,79.6120782037205,14314.265636164844,4,13.285427401999186
heldout,ArtSci_t1,ArtSci_t1_r1,proxy_ga,0,True,passed_translational_and_energy_checks,187.4555400845441,79.3941142084182,79.6120782037205,14314.265636164844,4,13.303005648005637
heldout,ArtSci_t1,ArtSci_t1_r1,time_ga,0,True,passed_translational_and_energy_checks,187.4555400845441,79.3941142084182,79.6120782037205,14314.265636164844,4,13.397534134004673
heldout,ArtSci_t1,ArtSci_t1_r1,energy_ga,0,True,passed_translational_and_energy_checks,187.4555400845441,79.3941142084182,79.6120782037205,14314.265636164844,4,13.162239951001538
heldout,ArtSci_t1,ArtSci_t1_r1,astar,1,True,passed_translational_and_energy_checks,187.8463179853209,79.5421213383374,79.76074086665513,14341.039653301646,4,6.956037704003393
heldout,ArtSci_t1,ArtSci_t1_r1,rrt_star,1,False,no_geometric_path,,,,,,0.44190229100058787
heldout,ArtSci_t1,ArtSci_t1_r1,distance_ga,1,True,passed_translational_and_energy_checks,185.23719673282804,77.87220945829611,78.11418336215412,14046.050417069888,4,12.189182406997134
heldout,ArtSci_t1,ArtSci_t1_r1,proxy_ga,1,True,passed_translational_and_energy_checks,185.23719673282804,77.87220945829611,78.11418336215412,14046.050417069888,4,11.903280903999985
heldout,ArtSci_t1,ArtSci_t1_r1,time_ga,1,True,passed_translational_and_energy_checks,185.23719673282804,77.87220945829611,78.11418336215412,14046.050417069888,4,11.867697314002726
heldout,ArtSci_t1,ArtSci_t1_r1,energy_ga,1,True,passed_translational_and_energy_checks,185.23719673282804,77.87220945829611,78.11418336215412,14046.050417069888,4,11.943510229008098
heldout,ArtSci_t1,ArtSci_t1_r1,astar,2,True,passed_translational_and_energy_checks,187.8463179853209,79.5421213383374,79.76074086665513,14341.039653301646,4,6.956037704003393
heldout,ArtSci_t1,ArtSci_t1_r1,rrt_star,2,False,no_geometric_path,,,,,,0.3990292140006204
heldout,ArtSci_t1,ArtSci_t1_r1,distance_ga,2,True,passed_translational_and_energy_checks,187.8463179853209,79.5421213383374,79.76074086665513,14341.039653301646,4,12.848409165999328
heldout,ArtSci_t1,ArtSci_t1_r1,proxy_ga,2,True,passed_translational_and_energy_checks,187.8463179853209,79.5421213383374,79.76074086665513,14341.039653301646,4,12.853271116997348
heldout,ArtSci_t1,ArtSci_t1_r1,time_ga,2,True,passed_translational_and_energy_checks,187.8463179853209,79.5421213383374,79.76074086665513,14341.039653301646,4,12.578478880008333
heldout,ArtSci_t1,ArtSci_t1_r1,energy_ga,2,True,passed_translational_and_energy_checks,187.8463179853209,79.5421213383374,79.76074086665513,14341.039653301646,4,13.095248434001405
heldout,ArtSci_t1,ArtSci_t1_r1,astar,3,True,passed_translational_and_energy_checks,187.8463179853209,79.5421213383374,79.76074086665513,14341.039653301646,4,6.956037704003393
heldout,ArtSci_t1,ArtSci_t1_r1,rrt_star,3,False,no_geometric_path,,,,,,0.4357284180005081
heldout,ArtSci_t1,ArtSci_t1_r1,distance_ga,3,True,passed_translational_and_energy_checks,187.66660810449568,78.46820465202643,78.68663589649243,14150.31267488936,4,12.86881733500195
heldout,ArtSci_t1,ArtSci_t1_r1,proxy_ga,3,True,passed_translational_and_energy_checks,187.66660810449568,78.46820465202643,78.68663589649243,14150.31267488936,4,13.184735660004662
heldout,ArtSci_t1,ArtSci_t1_r1,time_ga,3,True,passed_translational_and_energy_checks,187.66660810449568,78.46820465202643,78.68663589649243,14150.31267488936,4,13.36008639200736
heldout,ArtSci_t1,ArtSci_t1_r1,energy_ga,3,True,passed_translational_and_energy_checks,187.66660810449568,78.46820465202643,78.68663589649243,14150.31267488936,4,13.004391283007863
heldout,ArtSci_t1,ArtSci_t1_r1,astar,4,True,passed_translational_and_energy_checks,187.8463179853209,79.5421213383374,79.76074086665513,14341.039653301646,4,6.956037704003393
heldout,ArtSci_t1,ArtSci_t1_r1,rrt_star,4,False,no_geometric_path,,,,,,0.6750630140013527
heldout,ArtSci_t1,ArtSci_t1_r1,distance_ga,4,True,passed_translational_and_energy_checks,187.6873712165191,79.48192024965371,79.7005851133251,14330.201992616261,4,12.428285805006453
heldout,ArtSci_t1,ArtSci_t1_r1,proxy_ga,4,True,passed_translational_and_energy_checks,187.6873712165191,79.48192024965371,79.7005851133251,14330.201992616261,4,12.098879247998411
heldout,ArtSci_t1,ArtSci_t1_r1,time_ga,4,True,passed_translational_and_energy_checks,187.6873712165191,79.48192024965371,79.7005851133251,14330.201992616261,4,12.148700523008301
heldout,ArtSci_t1,ArtSci_t1_r1,energy_ga,4,True,passed_translational_and_energy_checks,187.6873712165191,79.48192024965371,79.7005851133251,14330.201992616261,4,12.196741010004189
