route,planner,index,x,y,z
wall_y20,astar,0,4.0,20.0,4.0
wall_y20,astar,1,18.0,20.0,14.0
wall_y20,astar,2,22.0,20.0,14.0
wall_y20,astar,3,36.0,20.0,4.0
wall_y20,rrt_star,0,4.0,20.0,4.0
wall_y20,rrt_star,1,17.377057657759565,21.31213585790327,12.892766597920174
wall_y20,rrt_star,2,23.852519189967463,20.11868627846441,13.90539291990505
wall_y20,rrt_star,3,36.0,20.0,4.0
wall_y20,distance_ga,0,4.0,20.0,4.0
wall_y20,distance_ga,1,18.0,20.0,14.0
wall_y20,distance_ga,2,23.148271480812284,20.958242660757143,12.923260074384139
wall_y20,distance_ga,3,36.0,20.0,4.0
wall_y20,proxy_ga,0,4.0,20.0,4.0
wall_y20,proxy_ga,1,20.489722687497675,32.135366404432915,11.51550513338092
wall_y20,proxy_ga,2,36.0,20.0,4.0
wall_y20,time_ga,0,4.0,20.0,4.0
wall_y20,time_ga,1,20.489722687497675,32.135366404432915,11.51550513338092
wall_y20,time_ga,2,36.0,20.0,4.0
wall_y20,energy_ga,0,4.0,20.0,4.0
wall_y20,energy_ga,1,20.489722687497675,32.135366404432915,11.51550513338092
wall_y20,energy_ga,2,36.0,20.0,4.0
urban_a_r0,astar,0,4.0,4.0,10.0
urban_a_r0,astar,1,24.0,4.0,10.0
urban_a_r0,astar,2,32.0,28.0,10.0
urban_a_r0,astar,3,48.0,28.0,10.0
urban_a_r0,astar,4,84.0,64.0,26.0
urban_a_r0,astar,5,108.0,88.0,30.0
urban_a_r0,astar,6,124.0,104.0,30.0
urban_a_r0,astar,7,128.0,116.0,26.0
urban_a_r0,astar,8,148.0,128.0,18.0
urban_a_r0,astar,9,156.0,156.0,10.0
urban_a_r0,rrt_star,0,4.0,4.0,10.0
urban_a_r0,rrt_star,1,49.654453828568975,0.5975568042211599,16.47217849529883
urban_a_r0,rrt_star,2,51.59372121010762,24.769849065673917,29.767172113348867
urban_a_r0,rrt_star,3,128.2714921409615,101.82223411800899,28.538394713658747
urban_a_r0,rrt_star,4,120.78405413839917,110.23036660578784,21.201625354106255
urban_a_r0,rrt_star,5,145.3592442558659,124.97013759122393,14.551519989568408
urban_a_r0,rrt_star,6,156.0,156.0,10.0
urban_a_r0,distance_ga,0,4.0,4.0,10.0
urban_a_r0,distance_ga,1,24.0,4.0,10.0
urban_a_r0,distance_ga,2,31.123151262140386,26.095007852232932,9.727980594679655
urban_a_r0,distance_ga,3,45.993608623114525,27.41009465089204,11.269116567976088
urban_a_r0,distance_ga,4,84.0,64.0,26.0
urban_a_r0,distance_ga,5,108.0,88.0,30.0
urban_a_r0,distance_ga,6,123.85059709282108,104.25985778896563,25.538781390973806
urban_a_r0,distance_ga,7,127.27258710706191,113.99322667454749,23.499380093526113
urban_a_r0,distance_ga,8,148.0,128.0,18.0
urban_a_r0,distance_ga,9,156.0,156.0,10.0
urban_a_r0,proxy_ga,0,4.0,4.0,10.0
urban_a_r0,proxy_ga,1,24.0,4.0,10.0
urban_a_r0,proxy_ga,2,31.123151262140386,26.095007852232932,9.727980594679655
urban_a_r0,proxy_ga,3,48.0,28.0,10.0
urban_a_r0,proxy_ga,4,84.0,64.0,26.0
urban_a_r0,proxy_ga,5,109.67693740141351,82.35284229639188,30.0
urban_a_r0,proxy_ga,6,128.0,116.0,26.0
urban_a_r0,proxy_ga,7,148.0,128.0,18.0
urban_a_r0,proxy_ga,8,156.0,156.0,10.0
urban_a_r0,time_ga,0,4.0,4.0,10.0
urban_a_r0,time_ga,1,24.0,4.0,10.0
urban_a_r0,time_ga,2,32.0,28.0,10.0
urban_a_r0,time_ga,3,48.0,28.0,10.0
urban_a_r0,time_ga,4,84.0,64.0,26.0
urban_a_r0,time_ga,5,108.0,88.0,30.0
urban_a_r0,time_ga,6,124.0,104.0,30.0
urban_a_r0,time_ga,7,129.83422791237354,119.03712449609833,26.000803173139985
urban_a_r0,time_ga,8,148.0,128.0,18.0
urban_a_r0,time_ga,9,156.0,156.0,10.0
urban_a_r0,energy_ga,0,4.0,4.0,10.0
urban_a_r0,energy_ga,1,24.0,4.0,10.0
urban_a_r0,energy_ga,2,31.123151262140386,26.095007852232932,9.727980594679655
urban_a_r0,energy_ga,3,48.0,28.0,10.0
urban_a_r0,energy_ga,4,84.0,64.0,26.0
urban_a_r0,energy_ga,5,109.67693740141351,82.35284229639188,30.0
urban_a_r0,energy_ga,6,128.0,116.0,26.0
urban_a_r0,energy_ga,7,148.0,128.0,18.0
urban_a_r0,energy_ga,8,156.0,156.0,10.0
