metric,scene_kind,planner,mean,population_sd,accepted
model_electrical_energy_j,synthetic,astar,3514.0348119536666,1051.0461072306866,45
model_electrical_energy_j,synthetic,rrt_star,3579.6687594049413,1046.7382228886897,45
model_electrical_energy_j,synthetic,distance_ga,3501.180797583491,1039.9977063763613,45
model_electrical_energy_j,synthetic,proxy_ga,3341.940655003759,1012.4300673485371,45
model_electrical_energy_j,synthetic,time_ga,3342.272731068997,1011.6759310090071,45
model_electrical_energy_j,synthetic,energy_ga,3340.32515184493,1012.4118798387946,45
model_electrical_energy_j,urban,astar,12526.058339795934,3044.073692666849,45
model_electrical_energy_j,urban,rrt_star,13004.79028443975,3732.855834007323,45
model_electrical_energy_j,urban,distance_ga,12495.598866203722,3000.860620002893,45
model_electrical_energy_j,urban,proxy_ga,12475.514571639573,2972.3859843156097,45
model_electrical_energy_j,urban,time_ga,12482.552276956163,2982.294197175211,45
model_electrical_energy_j,urban,energy_ga,12475.514571639573,2972.3859843156097,45
flight_duration_s,synthetic,astar,19.50605740881097,5.941784283623689,45
flight_duration_s,synthetic,rrt_star,19.842540441708113,5.899221678792888,45
flight_duration_s,synthetic,distance_ga,19.432433681842696,5.878354401720507,45
flight_duration_s,synthetic,proxy_ga,18.505778776072834,5.722550768347869,45
flight_duration_s,synthetic,time_ga,18.50644942191058,5.717274213408543,45
flight_duration_s,synthetic,energy_ga,18.49681002609677,5.722674003393093,45
flight_duration_s,urban,astar,69.29104764495432,16.5796369623826,45
flight_duration_s,urban,rrt_star,72.05588311306228,20.558229254404814,45
flight_duration_s,urban,distance_ga,69.11942849363098,16.336294841166808,45
flight_duration_s,urban,proxy_ga,69.00617276335562,16.175596511154417,45
flight_duration_s,urban,time_ga,69.04010894610751,16.22342732671913,45
flight_duration_s,urban,energy_ga,69.00617276335562,16.175596511154417,45
equivalent_hover_time_s,synthetic,astar,19.629785438004593,5.9241385713421835,45
equivalent_hover_time_s,synthetic,rrt_star,19.99911270420314,5.898095097378225,45
equivalent_hover_time_s,synthetic,distance_ga,19.557757754062347,5.862158574946494,45
equivalent_hover_time_s,synthetic,proxy_ga,18.647405180547487,5.706446709984846,45
equivalent_hover_time_s,synthetic,time_ga,18.64880214253143,5.701974809784301,45
equivalent_hover_time_s,synthetic,energy_ga,18.638437779923542,5.706478591627924,45
equivalent_hover_time_s,urban,astar,69.57216263246373,16.95414345444465,45
equivalent_hover_time_s,urban,rrt_star,72.21223478747994,20.75329752576407,45
equivalent_hover_time_s,urban,distance_ga,69.40274135364068,16.71389504938944,45
equivalent_hover_time_s,urban,proxy_ga,69.2854971274925,16.547741656498168,45
equivalent_hover_time_s,urban,time_ga,69.32563959667432,16.604203429174053,45
equivalent_hover_time_s,urban,energy_ga,69.2854971274925,16.547741656498168,45
retained_stops,synthetic,astar,1.3333333333333333,0.816496580927726,45
retained_stops,synthetic,rrt_star,1.6,1.019803902718557,45
retained_stops,synthetic,distance_ga,1.3333333333333333,0.816496580927726,45
retained_stops,synthetic,proxy_ga,1.1555555555555554,0.7588164923983943,45
retained_stops,synthetic,time_ga,1.1555555555555554,0.7588164923983943,45
retained_stops,synthetic,energy_ga,1.1555555555555554,0.7588164923983943,45
retained_stops,urban,astar,2.6666666666666665,3.7712361663282534,45
retained_stops,urban,rrt_star,1.8222222222222222,2.652369078464583,45
retained_stops,urban,distance_ga,2.6666666666666665,3.7712361663282534,45
retained_stops,urban,proxy_ga,2.6,3.684200501239493,45
retained_stops,urban,time_ga,2.6444444444444444,3.742581138765987,45
retained_stops,urban,energy_ga,2.6,3.684200501239493,45
