comparison,metric,mean_percent,ci_low,ci_high,routes,permutation_p,holm_p
energy_ga_vs_astar_model_electrical_energy_j,model_electrical_energy_j,2.27313220453784,0.3002300067665716,5.373895082613341,18,0.008229917700822991,0.07406925930740692
energy_ga_vs_distance_ga_model_electrical_energy_j,model_electrical_energy_j,2.047688470240299,0.15416422908001032,5.136286657719731,18,0.008229917700822991,0.07406925930740692
energy_ga_vs_time_ga_model_electrical_energy_j,model_electrical_energy_j,0.049418251103553516,0.0034811779018138786,0.10444842970069845,18,0.12606873931260687,0.3782062179378206
proxy_ga_vs_astar_model_electrical_energy_j,model_electrical_energy_j,2.253055708069358,0.3002300067665716,5.342035886941012,18,0.008229917700822991,0.07406925930740692
proxy_ga_vs_astar_equivalent_hover_time_s,equivalent_hover_time_s,2.299543710767027,0.30616325496626684,5.447676280317188,18,0.008229917700822991,0.07406925930740692
proxy_ga_vs_distance_ga_equivalent_hover_time_s,equivalent_hover_time_s,2.0740590990767487,0.16065574998038,5.200046936147627,18,0.008229917700822991,0.07406925930740692
proxy_ga_vs_time_ga_equivalent_hover_time_s,equivalent_hover_time_s,0.026285898916990538,-0.029402340720814504,0.08884900030197633,18,0.37678623213767864,0.7535724642753573
time_ga_vs_astar_flight_duration_s,flight_duration_s,2.330867232237831,0.2959488807184092,5.523715560785277,18,0.008229917700822991,0.07406925930740692
time_ga_vs_proxy_ga_flight_duration_s,flight_duration_s,-0.021592175667147974,-0.07919822223958133,0.03131812511243755,18,0.37678623213767864,0.7535724642753573
