metric,planner,ablation,mean,observations
model_electrical_energy_j,distance_ga,full,10170.049745308299,18
model_electrical_energy_j,distance_ga,no_warm_start,10857.938406017927,16
model_electrical_energy_j,distance_ga,no_shortcutting,10048.517167247317,14
model_electrical_energy_j,distance_ga,no_warm_start_no_shortcutting,3459.8923872857104,7
model_electrical_energy_j,proxy_ga,full,10057.785246646694,18
model_electrical_energy_j,proxy_ga,no_warm_start,10699.07432456725,16
model_electrical_energy_j,proxy_ga,no_shortcutting,8871.159974139664,14
model_electrical_energy_j,proxy_ga,no_warm_start_no_shortcutting,3359.28533844624,7
model_electrical_energy_j,time_ga,full,10070.282548435958,18
model_electrical_energy_j,time_ga,no_warm_start,10699.07432456725,16
model_electrical_energy_j,time_ga,no_shortcutting,8868.927134822925,14
model_electrical_energy_j,time_ga,no_warm_start_no_shortcutting,3330.679942777341,7
model_electrical_energy_j,energy_ga,full,10053.746488749623,18
model_electrical_energy_j,energy_ga,no_warm_start,10699.07432456725,16
model_electrical_energy_j,energy_ga,no_shortcutting,8879.77365232058,14
model_electrical_energy_j,energy_ga,no_warm_start_no_shortcutting,3359.28533844624,7
runtime_s,distance_ga,full,2.3110664252777755,18
runtime_s,distance_ga,no_warm_start,0.49162158716666543,18
runtime_s,distance_ga,no_shortcutting,1.7006764893333122,18
runtime_s,distance_ga,no_warm_start_no_shortcutting,0.13546621105556117,18
runtime_s,proxy_ga,full,2.3110028606666457,18
runtime_s,proxy_ga,no_warm_start,0.49310235744445663,18
runtime_s,proxy_ga,no_shortcutting,1.5913535308333104,18
runtime_s,proxy_ga,no_warm_start_no_shortcutting,0.12692074555555324,18
runtime_s,time_ga,full,2.3146986584999762,18
runtime_s,time_ga,no_warm_start,0.4988771717222246,18
runtime_s,time_ga,no_shortcutting,1.5902852236666485,18
runtime_s,time_ga,no_warm_start_no_shortcutting,0.12688404849999793,18
runtime_s,energy_ga,full,2.308784260222192,18
runtime_s,energy_ga,no_warm_start,0.49727662427777847,18
runtime_s,energy_ga,no_shortcutting,1.594063494388864,18
runtime_s,energy_ga,no_warm_start_no_shortcutting,0.1266824316666657,18
