route,planner,generation,evaluations,best_score,feasible_count
wall_y20,distance_ga,0,23,0.38226022723817693,7
wall_y20,distance_ga,1,36,0.38226022723817693,9
wall_y20,distance_ga,2,52,0.38226022723817693,15
wall_y20,distance_ga,3,66,0.38226022723817693,17
wall_y20,distance_ga,4,77,0.38226022723817693,14
wall_y20,distance_ga,5,89,0.38226022723817693,19
wall_y20,distance_ga,6,101,0.38226022723817693,21
wall_y20,distance_ga,7,118,0.38226022723817693,20
wall_y20,distance_ga,8,132,0.38226022723817693,15
wall_y20,distance_ga,9,143,0.38226022723817693,20
wall_y20,distance_ga,10,155,0.38226022723817693,20
wall_y20,distance_ga,11,169,0.38226022723817693,21
wall_y20,distance_ga,12,182,0.38226022723817693,18
wall_y20,distance_ga,13,197,0.38226022723817693,19
wall_y20,distance_ga,14,211,0.38226022723817693,19
wall_y20,distance_ga,15,221,0.38226022723817693,20
wall_y20,distance_ga,16,232,0.38226022723817693,17
wall_y20,distance_ga,17,245,0.38226022723817693,21
wall_y20,distance_ga,18,262,0.38226022723817693,21
wall_y20,distance_ga,19,279,0.38226022723817693,22
wall_y20,distance_ga,20,297,0.38226022723817693,19
wall_y20,distance_ga,21,311,0.38226022723817693,18
wall_y20,distance_ga,22,326,0.38226022723817693,18
wall_y20,distance_ga,23,344,0.38226022723817693,19
wall_y20,distance_ga,24,361,0.38226022723817693,20
wall_y20,distance_ga,25,374,0.38226022723817693,22
wall_y20,proxy_ga,0,23,0.1659006897327336,7
wall_y20,proxy_ga,1,35,0.1659006897327336,10
wall_y20,proxy_ga,2,49,0.1659006897327336,15
wall_y20,proxy_ga,3,59,0.1659006897327336,18
wall_y20,proxy_ga,4,71,0.1659006897327336,19
wall_y20,proxy_ga,5,85,0.1659006897327336,20
wall_y20,proxy_ga,6,98,0.1659006897327336,20
wall_y20,proxy_ga,7,116,0.1659006897327336,18
wall_y20,proxy_ga,8,128,0.1659006897327336,20
wall_y20,proxy_ga,9,142,0.1659006897327336,20
wall_y20,proxy_ga,10,153,0.1659006897327336,23
wall_y20,proxy_ga,11,169,0.1659006897327336,22
wall_y20,proxy_ga,12,185,0.1659006897327336,22
wall_y20,proxy_ga,13,203,0.16486214924142586,23
wall_y20,proxy_ga,14,218,0.1645896505360747,22
wall_y20,proxy_ga,15,232,0.1645896505360747,22
wall_y20,proxy_ga,16,247,0.1645896505360747,18
wall_y20,proxy_ga,17,266,0.1645896505360747,23
wall_y20,proxy_ga,18,285,0.1645896505360747,22
wall_y20,proxy_ga,19,304,0.1645896505360747,23
wall_y20,proxy_ga,20,320,0.1645896505360747,19
wall_y20,proxy_ga,21,334,0.1645896505360747,22
wall_y20,proxy_ga,22,350,0.1645896505360747,20
wall_y20,proxy_ga,23,366,0.1645896505360747,20
wall_y20,proxy_ga,24,381,0.1645896505360747,21
wall_y20,proxy_ga,25,398,0.1645896505360747,23
wall_y20,time_ga,0,23,0.163782148811345,7
wall_y20,time_ga,1,35,0.163782148811345,10
wall_y20,time_ga,2,49,0.163782148811345,15
wall_y20,time_ga,3,59,0.163782148811345,18
wall_y20,time_ga,4,71,0.163782148811345,19
wall_y20,time_ga,5,85,0.163782148811345,20
wall_y20,time_ga,6,98,0.163782148811345,20
wall_y20,time_ga,7,116,0.163782148811345,18
wall_y20,time_ga,8,128,0.163782148811345,20
wall_y20,time_ga,9,142,0.163782148811345,20
wall_y20,time_ga,10,153,0.163782148811345,23
wall_y20,time_ga,11,169,0.163782148811345,22
wall_y20,time_ga,12,185,0.163782148811345,22
wall_y20,time_ga,13,203,0.16270002400379902,23
wall_y20,time_ga,14,218,0.16244026334521544,22
wall_y20,time_ga,15,232,0.16244026334521544,22
wall_y20,time_ga,16,247,0.16244026334521544,18
wall_y20,time_ga,17,266,0.16244026334521544,23
wall_y20,time_ga,18,285,0.16244026334521544,22
wall_y20,time_ga,19,304,0.16244026334521544,23
wall_y20,time_ga,20,320,0.16244026334521544,19
wall_y20,time_ga,21,334,0.16244026334521544,22
wall_y20,time_ga,22,350,0.16244026334521544,20
wall_y20,time_ga,23,366,0.16244026334521544,20
wall_y20,time_ga,24,381,0.16244026334521544,21
wall_y20,time_ga,25,398,0.16244026334521544,23
wall_y20,energy_ga,0,23,0.29855365921562327,7
wall_y20,energy_ga,1,35,0.29855365921562327,10
wall_y20,energy_ga,2,49,0.29855365921562327,15
wall_y20,energy_ga,3,59,0.29855365921562327,18
wall_y20,energy_ga,4,71,0.29855365921562327,19
wall_y20,energy_ga,5,85,0.29855365921562327,20
wall_y20,energy_ga,6,98,0.29855365921562327,20
wall_y20,energy_ga,7,116,0.29855365921562327,18
wall_y20,energy_ga,8,128,0.29855365921562327,20
wall_y20,energy_ga,9,142,0.29855365921562327,20
wall_y20,energy_ga,10,153,0.29855365921562327,23
wall_y20,energy_ga,11,169,0.29855365921562327,22
wall_y20,energy_ga,12,185,0.29855365921562327,22
wall_y20,energy_ga,13,203,0.2966762138499503,23
wall_y20,energy_ga,14,218,0.2962567122037282,22
wall_y20,energy_ga,15,232,0.2962567122037282,22
wall_y20,energy_ga,16,247,0.2962567122037282,18
wall_y20,energy_ga,17,266,0.2962567122037282,23
wall_y20,energy_ga,18,285,0.2962567122037282,22
wall_y20,energy_ga,19,304,0.2962567122037282,23
wall_y20,energy_ga,20,320,0.2962567122037282,19
wall_y20,energy_ga,21,334,0.2962567122037282,22
wall_y20,energy_ga,22,350,0.2962567122037282,20
wall_y20,energy_ga,23,366,0.2962567122037282,20
wall_y20,energy_ga,24,381,0.2962567122037282,21
wall_y20,energy_ga,25,398,0.2962567122037282,23
urban_a_r0,distance_ga,0,24,2.395918024314726,5
urban_a_r0,distance_ga,1,42,2.395918024314726,11
urban_a_r0,distance_ga,2,59,2.3929972535462856,13
urban_a_r0,distance_ga,3,78,2.3929972535462856,12
urban_a_r0,distance_ga,4,90,2.3929972535462856,15
urban_a_r0,distance_ga,5,108,2.382041353500965,18
urban_a_r0,distance_ga,6,125,2.382041353500965,13
urban_a_r0,distance_ga,7,142,2.382041353500965,14
urban_a_r0,distance_ga,8,158,2.382041353500965,13
urban_a_r0,distance_ga,9,173,2.382041353500965,11
urban_a_r0,distance_ga,10,189,2.382041353500965,9
urban_a_r0,distance_ga,11,205,2.382041353500965,8
urban_a_r0,distance_ga,12,221,2.382041353500965,11
urban_a_r0,distance_ga,13,237,2.382041353500965,12
urban_a_r0,distance_ga,14,252,2.3763415958917853,10
urban_a_r0,distance_ga,15,264,2.3763415958917853,14
urban_a_r0,distance_ga,16,281,2.3763415958917853,17
urban_a_r0,distance_ga,17,295,2.366467743841113,12
urban_a_r0,distance_ga,18,312,2.366467743841113,12
urban_a_r0,distance_ga,19,328,2.366467743841113,11
urban_a_r0,distance_ga,20,342,2.366467743841113,11
urban_a_r0,distance_ga,21,356,2.366467743841113,9
urban_a_r0,distance_ga,22,367,2.366467743841113,12
urban_a_r0,distance_ga,23,386,2.366467743841113,13
urban_a_r0,distance_ga,24,400,2.366467743841113,15
urban_a_r0,distance_ga,25,415,2.366467743841113,11
urban_a_r0,proxy_ga,0,24,0.9368286399183826,5
urban_a_r0,proxy_ga,1,42,0.9368286399183826,11
urban_a_r0,proxy_ga,2,59,0.9368157905251917,13
urban_a_r0,proxy_ga,3,78,0.9368157905251917,12
urban_a_r0,proxy_ga,4,90,0.9368157905251917,15
urban_a_r0,proxy_ga,5,108,0.9311330599183398,18
urban_a_r0,proxy_ga,6,125,0.9311330599183398,13
urban_a_r0,proxy_ga,7,142,0.9311330599183398,14
urban_a_r0,proxy_ga,8,158,0.9311330599183398,13
urban_a_r0,proxy_ga,9,173,0.9311330599183398,11
urban_a_r0,proxy_ga,10,189,0.9311330599183398,9
urban_a_r0,proxy_ga,11,205,0.9311330599183398,8
urban_a_r0,proxy_ga,12,221,0.9311330599183398,11
urban_a_r0,proxy_ga,13,237,0.9311330599183398,12
urban_a_r0,proxy_ga,14,252,0.9311330599183398,10
urban_a_r0,proxy_ga,15,264,0.9311330599183398,13
urban_a_r0,proxy_ga,16,281,0.9311330599183398,15
urban_a_r0,proxy_ga,17,296,0.9311330599183398,11
urban_a_r0,proxy_ga,18,314,0.9311330599183398,12
urban_a_r0,proxy_ga,19,329,0.9185790568351936,13
urban_a_r0,proxy_ga,20,341,0.9185790568351936,11
urban_a_r0,proxy_ga,21,356,0.9185790568351936,12
urban_a_r0,proxy_ga,22,372,0.9185790568351936,16
urban_a_r0,proxy_ga,23,387,0.9185790568351936,13
urban_a_r0,proxy_ga,24,403,0.9185790568351936,13
urban_a_r0,proxy_ga,25,420,0.9185790568351936,12
urban_a_r0,time_ga,0,24,0.9287453623447322,5
urban_a_r0,time_ga,1,42,0.9287453623447322,11
urban_a_r0,time_ga,2,59,0.9287453623447322,13
urban_a_r0,time_ga,3,78,0.9287453623447322,13
urban_a_r0,time_ga,4,89,0.9287453623447322,17
urban_a_r0,time_ga,5,102,0.9287453623447322,15
urban_a_r0,time_ga,6,119,0.9287453623447322,13
urban_a_r0,time_ga,7,138,0.9287453623447322,11
urban_a_r0,time_ga,8,154,0.9287453623447322,8
urban_a_r0,time_ga,9,172,0.9287453623447322,11
urban_a_r0,time_ga,10,187,0.9287453623447322,13
urban_a_r0,time_ga,11,202,0.9287453623447322,17
urban_a_r0,time_ga,12,215,0.9287453623447322,17
urban_a_r0,time_ga,13,230,0.9287453623447322,15
urban_a_r0,time_ga,14,244,0.9287453623447322,14
urban_a_r0,time_ga,15,256,0.9287453623447322,13
urban_a_r0,time_ga,16,274,0.9287453623447322,8
urban_a_r0,time_ga,17,290,0.9287453623447322,11
urban_a_r0,time_ga,18,308,0.9287453623447322,9
urban_a_r0,time_ga,19,326,0.9287453623447322,8
urban_a_r0,time_ga,20,342,0.9287453623447322,8
urban_a_r0,time_ga,21,358,0.9287453623447322,9
urban_a_r0,time_ga,22,374,0.9252941633745604,11
urban_a_r0,time_ga,23,391,0.9252941633745604,7
urban_a_r0,time_ga,24,410,0.9252941633745604,12
urban_a_r0,time_ga,25,431,0.9252941633745604,11
urban_a_r0,energy_ga,0,24,1.685781669319141,5
urban_a_r0,energy_ga,1,42,1.685781669319141,11
urban_a_r0,energy_ga,2,59,1.6857282385273324,13
urban_a_r0,energy_ga,3,78,1.6857282385273324,12
urban_a_r0,energy_ga,4,90,1.6857282385273324,15
urban_a_r0,energy_ga,5,108,1.6755468820936927,18
urban_a_r0,energy_ga,6,125,1.6755468820936927,13
urban_a_r0,energy_ga,7,142,1.6755468820936927,14
urban_a_r0,energy_ga,8,158,1.6755468820936927,13
urban_a_r0,energy_ga,9,173,1.6755468820936927,11
urban_a_r0,energy_ga,10,189,1.6755468820936927,9
urban_a_r0,energy_ga,11,205,1.6755468820936927,8
urban_a_r0,energy_ga,12,221,1.6755468820936927,11
urban_a_r0,energy_ga,13,237,1.6755468820936927,12
urban_a_r0,energy_ga,14,252,1.6755468820936927,10
urban_a_r0,energy_ga,15,264,1.6755468820936927,13
urban_a_r0,energy_ga,16,281,1.6755468820936927,15
urban_a_r0,energy_ga,17,296,1.6755468820936927,11
urban_a_r0,energy_ga,18,314,1.6755468820936927,12
urban_a_r0,energy_ga,19,329,1.653653062184045,13
urban_a_r0,energy_ga,20,341,1.653653062184045,11
urban_a_r0,energy_ga,21,356,1.653653062184045,12
urban_a_r0,energy_ga,22,372,1.653653062184045,16
urban_a_r0,energy_ga,23,387,1.653653062184045,13
urban_a_r0,energy_ga,24,403,1.653653062184045,13
urban_a_r0,energy_ga,25,420,1.653653062184045,12
