route_set,planner,attempts,accepted,length_m,duration_s,proxy_s,energy_j,retained_stops,runtime_s
development,astar,90,90,107.98874421820057,44.39855252688264,44.60097403523417,8020.0465758748005,2,0.6574367673333276
development,rrt_star,90,90,112.41975243547799,45.9492117773852,46.10567374584154,8292.229521922345,1.711111111111111,0.24448598941110877
development,distance_ga,90,90,107.7698236888846,44.275931087736836,44.48024955385151,7998.389831893606,2,1.5639076740888815
development,proxy_ga,90,90,108.52190559734403,43.755975769714226,43.96645115402,7908.727613321666,1.8777777777777778,1.5574131306999963
development,time_ga,90,90,108.56911857139914,43.77327918400905,43.98722086960287,7912.41250401258,1.9,1.555494430322217
development,energy_ga,90,90,108.51006566338224,43.751491394726195,43.96196745370803,7907.919861742252,1.8777777777777778,1.5560270487222179
heldout,astar,60,60,128.30247500071445,52.30138659090592,52.600115139303725,9459.027341731362,3.25,1.4212424010000149
heldout,rrt_star,60,59,133.78763412752366,54.84574495710961,55.138913914726075,9915.032637620629,3.406779661016949,0.2423294022166677
heldout,distance_ga,60,60,127.65294340403787,51.94543836517597,52.24608505739422,9395.517513679506,3.2333333333333334,2.608382348033345
heldout,proxy_ga,60,60,128.5507779118405,51.671639873679496,51.97438694361332,9348.855478332725,3.1166666666666667,2.6137381593500266
heldout,time_ga,60,60,128.53798890803526,51.63744451050829,51.941036187963775,9342.922316745031,3.1166666666666667,2.6118499801666872
heldout,energy_ga,60,60,128.25949444747746,51.67287138315647,51.97370786312611,9348.309702615785,3.1166666666666667,2.6081199069000176
